<?xml version="1.0" encoding="UTF-8" ?>
<OpenSimDocument Version="40000">
	<ExternalLoads>
		<objects>
			<ExternalForce name="ExternalForce_1">
				<!--Name of the body the force is applied to.-->
				<applied_to_body>calcn_r</applied_to_body>
			</ExternalForce>
			<ExternalForce name="ExternalForce_2">
				<!--Name of the body the force is applied to.-->
				<applied_to_body>calcn_l</applied_to_body>
			</ExternalForce>
		</objects>
		<groups />
		<!--Storage file (.sto) containing (3) components of force and/or torque and point of application.Note: this file overrides the data source specified by the individual external forces if specified.-->
		<datafile>../IK/GIL11_free1_ik.mot</datafile>
		<external_loads_model_kinematics_file>../IK/GIL11_free1_ik.mot</external_loads_model_kinematics_file>
		<lowpass_cutoff_frequency_for_load_kinematics>6.0</lowpass_cutoff_frequency_for_load_kinematics>
	</ExternalLoads>
</OpenSimDocument>
