<?xml version="1.0" encoding="utf-8"?>
<OpenSimDocument Version="40000">
   <ControlSet name="GIL_AFO_Controller">
      <objects>
         <ControlLinear name="lAFO_torq_gen.excitation">
            <is_model_control>true</is_model_control>
            <extrapolate>false</extrapolate>
            <default_min>-1</default_min>
            <default_max>32</default_max>
            <filter_on>true</filter_on>
            <use_steps>false</use_steps>
            <x_nodes>
               <ControlLinearNode>
                  <t>0.216700</t>
                  <value>2.260019</value>
               </ControlLinearNode>
               <ControlLinearNode>
                  <t>0.232700</t>
                  <value>2.579255</value>
               </ControlLinearNode>
               <ControlLinearNode>
                  <t>0.248700</t>
                  <value>2.889362</value>
               </ControlLinearNode>
               <ControlLinearNode>
                  <t>0.264700</t>
                  <value>3.176246</value>
               </ControlLinearNode>
               <ControlLinearNode>
                  <t>0.280700</t>
                  <value>3.468955</value>
               </ControlLinearNode>
               <ControlLinearNode>
                  <t>0.296700</t>
                  <value>3.788542</value>
               </ControlLinearNode>
               <ControlLinearNode>
                  <t>0.312700</t>
                  <value>4.176582</value>
               </ControlLinearNode>
               <ControlLinearNode>
                  <t>0.328700</t>
                  <value>4.662422</value>
               </ControlLinearNode>
               <ControlLinearNode>
                  <t>0.344700</t>
                  <value>5.220451</value>
               </ControlLinearNode>
               <ControlLinearNode>
                  <t>0.360700</t>
                  <value>5.842605</value>
               </ControlLinearNode>
               <ControlLinearNode>
                  <t>0.376700</t>
                  <value>6.569586</value>
               </ControlLinearNode>
               <ControlLinearNode>
                  <t>0.392700</t>
                  <value>7.414986</value>
               </ControlLinearNode>
               <ControlLinearNode>
                  <t>0.408700</t>
                  <value>8.320125</value>
               </ControlLinearNode>
               <ControlLinearNode>
                  <t>0.424700</t>
                  <value>9.246915</value>
               </ControlLinearNode>
               <ControlLinearNode>
                  <t>0.440700</t>
                  <value>10.213216</value>
               </ControlLinearNode>
               <ControlLinearNode>
                  <t>0.456700</t>
                  <value>11.229841</value>
               </ControlLinearNode>
               <ControlLinearNode>
                  <t>0.472700</t>
                  <value>12.247748</value>
               </ControlLinearNode>
               <ControlLinearNode>
                  <t>0.488700</t>
                  <value>13.302947</value>
               </ControlLinearNode>
               <ControlLinearNode>
                  <t>0.504700</t>
                  <value>14.475851</value>
               </ControlLinearNode>
               <ControlLinearNode>
                  <t>0.520700</t>
                  <value>15.741936</value>
               </ControlLinearNode>
               <ControlLinearNode>
                  <t>0.536700</t>
                  <value>17.111355</value>
               </ControlLinearNode>
               <ControlLinearNode>
                  <t>0.552700</t>
                  <value>18.661974</value>
               </ControlLinearNode>
               <ControlLinearNode>
                  <t>0.568700</t>
                  <value>20.274855</value>
               </ControlLinearNode>
               <ControlLinearNode>
                  <t>0.584700</t>
                  <value>21.676013</value>
               </ControlLinearNode>
               <ControlLinearNode>
                  <t>0.600700</t>
                  <value>23.042440</value>
               </ControlLinearNode>
               <ControlLinearNode>
                  <t>0.616700</t>
                  <value>24.452995</value>
               </ControlLinearNode>
               <ControlLinearNode>
                  <t>0.632700</t>
                  <value>25.835905</value>
               </ControlLinearNode>
               <ControlLinearNode>
                  <t>0.648700</t>
                  <value>27.185100</value>
               </ControlLinearNode>
               <ControlLinearNode>
                  <t>0.664700</t>
                  <value>28.445996</value>
               </ControlLinearNode>
               <ControlLinearNode>
                  <t>0.680700</t>
                  <value>29.532476</value>
               </ControlLinearNode>
               <ControlLinearNode>
                  <t>0.696700</t>
                  <value>30.371640</value>
               </ControlLinearNode>
               <ControlLinearNode>
                  <t>0.712700</t>
                  <value>30.964392</value>
               </ControlLinearNode>
               <ControlLinearNode>
                  <t>0.728700</t>
                  <value>31.338519</value>
               </ControlLinearNode>
               <ControlLinearNode>
                  <t>0.744700</t>
                  <value>31.465517</value>
               </ControlLinearNode>
               <ControlLinearNode>
                  <t>0.760700</t>
                  <value>31.269413</value>
               </ControlLinearNode>
               <ControlLinearNode>
                  <t>0.776700</t>
                  <value>30.639969</value>
               </ControlLinearNode>
               <ControlLinearNode>
                  <t>0.792700</t>
                  <value>29.440831</value>
               </ControlLinearNode>
               <ControlLinearNode>
                  <t>0.808700</t>
                  <value>27.549280</value>
               </ControlLinearNode>
               <ControlLinearNode>
                  <t>0.824700</t>
                  <value>25.028444</value>
               </ControlLinearNode>
               <ControlLinearNode>
                  <t>0.840700</t>
                  <value>21.968964</value>
               </ControlLinearNode>
               <ControlLinearNode>
                  <t>0.856700</t>
                  <value>18.448057</value>
               </ControlLinearNode>
               <ControlLinearNode>
                  <t>0.872700</t>
                  <value>14.550571</value>
               </ControlLinearNode>
               <ControlLinearNode>
                  <t>0.888700</t>
                  <value>10.492676</value>
               </ControlLinearNode>
               <ControlLinearNode>
                  <t>0.904700</t>
                  <value>6.611476</value>
               </ControlLinearNode>
               <ControlLinearNode>
                  <t>0.920700</t>
                  <value>3.428099</value>
               </ControlLinearNode>
               <ControlLinearNode>
                  <t>0.936700</t>
                  <value>1.407144</value>
               </ControlLinearNode>
               <ControlLinearNode>
                  <t>0.944510</t>
                  <value>0.800000</value>
               </ControlLinearNode>
               <ControlLinearNode>
                  <t>0.944510</t>
                  <value>0.800000</value>
               </ControlLinearNode>
               <ControlLinearNode>
                  <t>0.960510</t>
                  <value>0.038974</value>
               </ControlLinearNode>
               <ControlLinearNode>
                  <t>0.961717</t>
                  <value>0.000000</value>
               </ControlLinearNode>
               <ControlLinearNode>
                  <t>0.961717</t>
                  <value>-0.000000</value>
               </ControlLinearNode>
               <ControlLinearNode>
                  <t>0.977717</t>
                  <value>-0.368662</value>
               </ControlLinearNode>
               <ControlLinearNode>
                  <t>0.993717</t>
                  <value>-0.562349</value>
               </ControlLinearNode>
               <ControlLinearNode>
                  <t>1.009717</t>
                  <value>-0.599187</value>
               </ControlLinearNode>
               <ControlLinearNode>
                  <t>1.025717</t>
                  <value>-0.526331</value>
               </ControlLinearNode>
               <ControlLinearNode>
                  <t>1.041717</t>
                  <value>-0.426927</value>
               </ControlLinearNode>
               <ControlLinearNode>
                  <t>1.057717</t>
                  <value>-0.322819</value>
               </ControlLinearNode>
               <ControlLinearNode>
                  <t>1.073717</t>
                  <value>-0.236188</value>
               </ControlLinearNode>
               <ControlLinearNode>
                  <t>1.089717</t>
                  <value>-0.183255</value>
               </ControlLinearNode>
               <ControlLinearNode>
                  <t>1.105717</t>
                  <value>-0.168890</value>
               </ControlLinearNode>
               <ControlLinearNode>
                  <t>1.121717</t>
                  <value>-0.186745</value>
               </ControlLinearNode>
               <ControlLinearNode>
                  <t>1.137717</t>
                  <value>-0.224022</value>
               </ControlLinearNode>
               <ControlLinearNode>
                  <t>1.153717</t>
                  <value>-0.267039</value>
               </ControlLinearNode>
               <ControlLinearNode>
                  <t>1.169717</t>
                  <value>-0.304457</value>
               </ControlLinearNode>
               <ControlLinearNode>
                  <t>1.185717</t>
                  <value>-0.329577</value>
               </ControlLinearNode>
               <ControlLinearNode>
                  <t>1.201717</t>
                  <value>-0.340643</value>
               </ControlLinearNode>
               <ControlLinearNode>
                  <t>1.217717</t>
                  <value>-0.339314</value>
               </ControlLinearNode>
               <ControlLinearNode>
                  <t>1.233717</t>
                  <value>-0.328725</value>
               </ControlLinearNode>
               <ControlLinearNode>
                  <t>1.249717</t>
                  <value>-0.312625</value>
               </ControlLinearNode>
               <ControlLinearNode>
                  <t>1.265717</t>
                  <value>-0.295435</value>
               </ControlLinearNode>
               <ControlLinearNode>
                  <t>1.281717</t>
                  <value>-0.280759</value>
               </ControlLinearNode>
               <ControlLinearNode>
                  <t>1.297717</t>
                  <value>-0.271732</value>
               </ControlLinearNode>
               <ControlLinearNode>
                  <t>1.313717</t>
                  <value>-0.268599</value>
               </ControlLinearNode>
               <ControlLinearNode>
                  <t>1.329717</t>
                  <value>-0.267988</value>
               </ControlLinearNode>
               <ControlLinearNode>
                  <t>1.345717</t>
                  <value>-0.266416</value>
               </ControlLinearNode>
               <ControlLinearNode>
                  <t>1.361717</t>
                  <value>-0.257809</value>
               </ControlLinearNode>
               <ControlLinearNode>
                  <t>1.377717</t>
                  <value>-0.232393</value>
               </ControlLinearNode>
               <ControlLinearNode>
                  <t>1.393717</t>
                  <value>-0.187213</value>
               </ControlLinearNode>
               <ControlLinearNode>
                  <t>1.409717</t>
                  <value>-0.128217</value>
               </ControlLinearNode>
               <ControlLinearNode>
                  <t>1.425717</t>
                  <value>-0.074135</value>
               </ControlLinearNode>
               <ControlLinearNode>
                  <t>1.441717</t>
                  <value>-0.044420</value>
               </ControlLinearNode>
               <ControlLinearNode>
                  <t>1.457717</t>
                  <value>-0.053083</value>
               </ControlLinearNode>
               <ControlLinearNode>
                  <t>1.473717</t>
                  <value>-0.101897</value>
               </ControlLinearNode>
               <ControlLinearNode>
                  <t>1.489717</t>
                  <value>-0.179653</value>
               </ControlLinearNode>
               <ControlLinearNode>
                  <t>1.505717</t>
                  <value>-0.267761</value>
               </ControlLinearNode>
               <ControlLinearNode>
                  <t>1.507300</t>
                  <value>-0.276348</value>
               </ControlLinearNode>
            </x_nodes>
            <min_nodes>
               <ControlLinearNode>
                  <t>0.216700</t>
                  <value>2.260019</value>
               </ControlLinearNode>
               <ControlLinearNode>
                  <t>0.232700</t>
                  <value>2.579255</value>
               </ControlLinearNode>
               <ControlLinearNode>
                  <t>0.248700</t>
                  <value>2.889362</value>
               </ControlLinearNode>
               <ControlLinearNode>
                  <t>0.264700</t>
                  <value>3.176246</value>
               </ControlLinearNode>
               <ControlLinearNode>
                  <t>0.280700</t>
                  <value>3.468955</value>
               </ControlLinearNode>
               <ControlLinearNode>
                  <t>0.296700</t>
                  <value>3.788542</value>
               </ControlLinearNode>
               <ControlLinearNode>
                  <t>0.312700</t>
                  <value>4.176582</value>
               </ControlLinearNode>
               <ControlLinearNode>
                  <t>0.328700</t>
                  <value>4.662422</value>
               </ControlLinearNode>
               <ControlLinearNode>
                  <t>0.344700</t>
                  <value>5.220451</value>
               </ControlLinearNode>
               <ControlLinearNode>
                  <t>0.360700</t>
                  <value>5.842605</value>
               </ControlLinearNode>
               <ControlLinearNode>
                  <t>0.376700</t>
                  <value>6.569586</value>
               </ControlLinearNode>
               <ControlLinearNode>
                  <t>0.392700</t>
                  <value>7.414986</value>
               </ControlLinearNode>
               <ControlLinearNode>
                  <t>0.408700</t>
                  <value>8.320125</value>
               </ControlLinearNode>
               <ControlLinearNode>
                  <t>0.424700</t>
                  <value>9.246915</value>
               </ControlLinearNode>
               <ControlLinearNode>
                  <t>0.440700</t>
                  <value>10.213216</value>
               </ControlLinearNode>
               <ControlLinearNode>
                  <t>0.456700</t>
                  <value>11.229841</value>
               </ControlLinearNode>
               <ControlLinearNode>
                  <t>0.472700</t>
                  <value>12.247748</value>
               </ControlLinearNode>
               <ControlLinearNode>
                  <t>0.488700</t>
                  <value>13.302947</value>
               </ControlLinearNode>
               <ControlLinearNode>
                  <t>0.504700</t>
                  <value>14.475851</value>
               </ControlLinearNode>
               <ControlLinearNode>
                  <t>0.520700</t>
                  <value>15.741936</value>
               </ControlLinearNode>
               <ControlLinearNode>
                  <t>0.536700</t>
                  <value>17.111355</value>
               </ControlLinearNode>
               <ControlLinearNode>
                  <t>0.552700</t>
                  <value>18.661974</value>
               </ControlLinearNode>
               <ControlLinearNode>
                  <t>0.568700</t>
                  <value>20.274855</value>
               </ControlLinearNode>
               <ControlLinearNode>
                  <t>0.584700</t>
                  <value>21.676013</value>
               </ControlLinearNode>
               <ControlLinearNode>
                  <t>0.600700</t>
                  <value>23.042440</value>
               </ControlLinearNode>
               <ControlLinearNode>
                  <t>0.616700</t>
                  <value>24.452995</value>
               </ControlLinearNode>
               <ControlLinearNode>
                  <t>0.632700</t>
                  <value>25.835905</value>
               </ControlLinearNode>
               <ControlLinearNode>
                  <t>0.648700</t>
                  <value>27.185100</value>
               </ControlLinearNode>
               <ControlLinearNode>
                  <t>0.664700</t>
                  <value>28.445996</value>
               </ControlLinearNode>
               <ControlLinearNode>
                  <t>0.680700</t>
                  <value>29.532476</value>
               </ControlLinearNode>
               <ControlLinearNode>
                  <t>0.696700</t>
                  <value>30.371640</value>
               </ControlLinearNode>
               <ControlLinearNode>
                  <t>0.712700</t>
                  <value>30.964392</value>
               </ControlLinearNode>
               <ControlLinearNode>
                  <t>0.728700</t>
                  <value>31.338519</value>
               </ControlLinearNode>
               <ControlLinearNode>
                  <t>0.744700</t>
                  <value>31.465517</value>
               </ControlLinearNode>
               <ControlLinearNode>
                  <t>0.760700</t>
                  <value>31.269413</value>
               </ControlLinearNode>
               <ControlLinearNode>
                  <t>0.776700</t>
                  <value>30.639969</value>
               </ControlLinearNode>
               <ControlLinearNode>
                  <t>0.792700</t>
                  <value>29.440831</value>
               </ControlLinearNode>
               <ControlLinearNode>
                  <t>0.808700</t>
                  <value>27.549280</value>
               </ControlLinearNode>
               <ControlLinearNode>
                  <t>0.824700</t>
                  <value>25.028444</value>
               </ControlLinearNode>
               <ControlLinearNode>
                  <t>0.840700</t>
                  <value>21.968964</value>
               </ControlLinearNode>
               <ControlLinearNode>
                  <t>0.856700</t>
                  <value>18.448057</value>
               </ControlLinearNode>
               <ControlLinearNode>
                  <t>0.872700</t>
                  <value>14.550571</value>
               </ControlLinearNode>
               <ControlLinearNode>
                  <t>0.888700</t>
                  <value>10.492676</value>
               </ControlLinearNode>
               <ControlLinearNode>
                  <t>0.904700</t>
                  <value>6.611476</value>
               </ControlLinearNode>
               <ControlLinearNode>
                  <t>0.920700</t>
                  <value>3.428099</value>
               </ControlLinearNode>
               <ControlLinearNode>
                  <t>0.936700</t>
                  <value>1.407144</value>
               </ControlLinearNode>
               <ControlLinearNode>
                  <t>0.944510</t>
                  <value>0.800000</value>
               </ControlLinearNode>
               <ControlLinearNode>
                  <t>0.944510</t>
                  <value>0.800000</value>
               </ControlLinearNode>
               <ControlLinearNode>
                  <t>0.960510</t>
                  <value>0.038974</value>
               </ControlLinearNode>
               <ControlLinearNode>
                  <t>0.961717</t>
                  <value>0.000000</value>
               </ControlLinearNode>
               <ControlLinearNode>
                  <t>0.961717</t>
                  <value>-0.000000</value>
               </ControlLinearNode>
               <ControlLinearNode>
                  <t>0.977717</t>
                  <value>-0.368662</value>
               </ControlLinearNode>
               <ControlLinearNode>
                  <t>0.993717</t>
                  <value>-0.562349</value>
               </ControlLinearNode>
               <ControlLinearNode>
                  <t>1.009717</t>
                  <value>-0.599187</value>
               </ControlLinearNode>
               <ControlLinearNode>
                  <t>1.025717</t>
                  <value>-0.526331</value>
               </ControlLinearNode>
               <ControlLinearNode>
                  <t>1.041717</t>
                  <value>-0.426927</value>
               </ControlLinearNode>
               <ControlLinearNode>
                  <t>1.057717</t>
                  <value>-0.322819</value>
               </ControlLinearNode>
               <ControlLinearNode>
                  <t>1.073717</t>
                  <value>-0.236188</value>
               </ControlLinearNode>
               <ControlLinearNode>
                  <t>1.089717</t>
                  <value>-0.183255</value>
               </ControlLinearNode>
               <ControlLinearNode>
                  <t>1.105717</t>
                  <value>-0.168890</value>
               </ControlLinearNode>
               <ControlLinearNode>
                  <t>1.121717</t>
                  <value>-0.186745</value>
               </ControlLinearNode>
               <ControlLinearNode>
                  <t>1.137717</t>
                  <value>-0.224022</value>
               </ControlLinearNode>
               <ControlLinearNode>
                  <t>1.153717</t>
                  <value>-0.267039</value>
               </ControlLinearNode>
               <ControlLinearNode>
                  <t>1.169717</t>
                  <value>-0.304457</value>
               </ControlLinearNode>
               <ControlLinearNode>
                  <t>1.185717</t>
                  <value>-0.329577</value>
               </ControlLinearNode>
               <ControlLinearNode>
                  <t>1.201717</t>
                  <value>-0.340643</value>
               </ControlLinearNode>
               <ControlLinearNode>
                  <t>1.217717</t>
                  <value>-0.339314</value>
               </ControlLinearNode>
               <ControlLinearNode>
                  <t>1.233717</t>
                  <value>-0.328725</value>
               </ControlLinearNode>
               <ControlLinearNode>
                  <t>1.249717</t>
                  <value>-0.312625</value>
               </ControlLinearNode>
               <ControlLinearNode>
                  <t>1.265717</t>
                  <value>-0.295435</value>
               </ControlLinearNode>
               <ControlLinearNode>
                  <t>1.281717</t>
                  <value>-0.280759</value>
               </ControlLinearNode>
               <ControlLinearNode>
                  <t>1.297717</t>
                  <value>-0.271732</value>
               </ControlLinearNode>
               <ControlLinearNode>
                  <t>1.313717</t>
                  <value>-0.268599</value>
               </ControlLinearNode>
               <ControlLinearNode>
                  <t>1.329717</t>
                  <value>-0.267988</value>
               </ControlLinearNode>
               <ControlLinearNode>
                  <t>1.345717</t>
                  <value>-0.266416</value>
               </ControlLinearNode>
               <ControlLinearNode>
                  <t>1.361717</t>
                  <value>-0.257809</value>
               </ControlLinearNode>
               <ControlLinearNode>
                  <t>1.377717</t>
                  <value>-0.232393</value>
               </ControlLinearNode>
               <ControlLinearNode>
                  <t>1.393717</t>
                  <value>-0.187213</value>
               </ControlLinearNode>
               <ControlLinearNode>
                  <t>1.409717</t>
                  <value>-0.128217</value>
               </ControlLinearNode>
               <ControlLinearNode>
                  <t>1.425717</t>
                  <value>-0.074135</value>
               </ControlLinearNode>
               <ControlLinearNode>
                  <t>1.441717</t>
                  <value>-0.044420</value>
               </ControlLinearNode>
               <ControlLinearNode>
                  <t>1.457717</t>
                  <value>-0.053083</value>
               </ControlLinearNode>
               <ControlLinearNode>
                  <t>1.473717</t>
                  <value>-0.101897</value>
               </ControlLinearNode>
               <ControlLinearNode>
                  <t>1.489717</t>
                  <value>-0.179653</value>
               </ControlLinearNode>
               <ControlLinearNode>
                  <t>1.505717</t>
                  <value>-0.267761</value>
               </ControlLinearNode>
               <ControlLinearNode>
                  <t>1.507300</t>
                  <value>-0.276348</value>
               </ControlLinearNode>
            </min_nodes>
            <max_nodes>
               <ControlLinearNode>
                  <t>0.216700</t>
                  <value>2.260019</value>
               </ControlLinearNode>
               <ControlLinearNode>
                  <t>0.232700</t>
                  <value>2.579255</value>
               </ControlLinearNode>
               <ControlLinearNode>
                  <t>0.248700</t>
                  <value>2.889362</value>
               </ControlLinearNode>
               <ControlLinearNode>
                  <t>0.264700</t>
                  <value>3.176246</value>
               </ControlLinearNode>
               <ControlLinearNode>
                  <t>0.280700</t>
                  <value>3.468955</value>
               </ControlLinearNode>
               <ControlLinearNode>
                  <t>0.296700</t>
                  <value>3.788542</value>
               </ControlLinearNode>
               <ControlLinearNode>
                  <t>0.312700</t>
                  <value>4.176582</value>
               </ControlLinearNode>
               <ControlLinearNode>
                  <t>0.328700</t>
                  <value>4.662422</value>
               </ControlLinearNode>
               <ControlLinearNode>
                  <t>0.344700</t>
                  <value>5.220451</value>
               </ControlLinearNode>
               <ControlLinearNode>
                  <t>0.360700</t>
                  <value>5.842605</value>
               </ControlLinearNode>
               <ControlLinearNode>
                  <t>0.376700</t>
                  <value>6.569586</value>
               </ControlLinearNode>
               <ControlLinearNode>
                  <t>0.392700</t>
                  <value>7.414986</value>
               </ControlLinearNode>
               <ControlLinearNode>
                  <t>0.408700</t>
                  <value>8.320125</value>
               </ControlLinearNode>
               <ControlLinearNode>
                  <t>0.424700</t>
                  <value>9.246915</value>
               </ControlLinearNode>
               <ControlLinearNode>
                  <t>0.440700</t>
                  <value>10.213216</value>
               </ControlLinearNode>
               <ControlLinearNode>
                  <t>0.456700</t>
                  <value>11.229841</value>
               </ControlLinearNode>
               <ControlLinearNode>
                  <t>0.472700</t>
                  <value>12.247748</value>
               </ControlLinearNode>
               <ControlLinearNode>
                  <t>0.488700</t>
                  <value>13.302947</value>
               </ControlLinearNode>
               <ControlLinearNode>
                  <t>0.504700</t>
                  <value>14.475851</value>
               </ControlLinearNode>
               <ControlLinearNode>
                  <t>0.520700</t>
                  <value>15.741936</value>
               </ControlLinearNode>
               <ControlLinearNode>
                  <t>0.536700</t>
                  <value>17.111355</value>
               </ControlLinearNode>
               <ControlLinearNode>
                  <t>0.552700</t>
                  <value>18.661974</value>
               </ControlLinearNode>
               <ControlLinearNode>
                  <t>0.568700</t>
                  <value>20.274855</value>
               </ControlLinearNode>
               <ControlLinearNode>
                  <t>0.584700</t>
                  <value>21.676013</value>
               </ControlLinearNode>
               <ControlLinearNode>
                  <t>0.600700</t>
                  <value>23.042440</value>
               </ControlLinearNode>
               <ControlLinearNode>
                  <t>0.616700</t>
                  <value>24.452995</value>
               </ControlLinearNode>
               <ControlLinearNode>
                  <t>0.632700</t>
                  <value>25.835905</value>
               </ControlLinearNode>
               <ControlLinearNode>
                  <t>0.648700</t>
                  <value>27.185100</value>
               </ControlLinearNode>
               <ControlLinearNode>
                  <t>0.664700</t>
                  <value>28.445996</value>
               </ControlLinearNode>
               <ControlLinearNode>
                  <t>0.680700</t>
                  <value>29.532476</value>
               </ControlLinearNode>
               <ControlLinearNode>
                  <t>0.696700</t>
                  <value>30.371640</value>
               </ControlLinearNode>
               <ControlLinearNode>
                  <t>0.712700</t>
                  <value>30.964392</value>
               </ControlLinearNode>
               <ControlLinearNode>
                  <t>0.728700</t>
                  <value>31.338519</value>
               </ControlLinearNode>
               <ControlLinearNode>
                  <t>0.744700</t>
                  <value>31.465517</value>
               </ControlLinearNode>
               <ControlLinearNode>
                  <t>0.760700</t>
                  <value>31.269413</value>
               </ControlLinearNode>
               <ControlLinearNode>
                  <t>0.776700</t>
                  <value>30.639969</value>
               </ControlLinearNode>
               <ControlLinearNode>
                  <t>0.792700</t>
                  <value>29.440831</value>
               </ControlLinearNode>
               <ControlLinearNode>
                  <t>0.808700</t>
                  <value>27.549280</value>
               </ControlLinearNode>
               <ControlLinearNode>
                  <t>0.824700</t>
                  <value>25.028444</value>
               </ControlLinearNode>
               <ControlLinearNode>
                  <t>0.840700</t>
                  <value>21.968964</value>
               </ControlLinearNode>
               <ControlLinearNode>
                  <t>0.856700</t>
                  <value>18.448057</value>
               </ControlLinearNode>
               <ControlLinearNode>
                  <t>0.872700</t>
                  <value>14.550571</value>
               </ControlLinearNode>
               <ControlLinearNode>
                  <t>0.888700</t>
                  <value>10.492676</value>
               </ControlLinearNode>
               <ControlLinearNode>
                  <t>0.904700</t>
                  <value>6.611476</value>
               </ControlLinearNode>
               <ControlLinearNode>
                  <t>0.920700</t>
                  <value>3.428099</value>
               </ControlLinearNode>
               <ControlLinearNode>
                  <t>0.936700</t>
                  <value>1.407144</value>
               </ControlLinearNode>
               <ControlLinearNode>
                  <t>0.944510</t>
                  <value>0.800000</value>
               </ControlLinearNode>
               <ControlLinearNode>
                  <t>0.944510</t>
                  <value>0.800000</value>
               </ControlLinearNode>
               <ControlLinearNode>
                  <t>0.960510</t>
                  <value>0.038974</value>
               </ControlLinearNode>
               <ControlLinearNode>
                  <t>0.961717</t>
                  <value>0.000000</value>
               </ControlLinearNode>
               <ControlLinearNode>
                  <t>0.961717</t>
                  <value>-0.000000</value>
               </ControlLinearNode>
               <ControlLinearNode>
                  <t>0.977717</t>
                  <value>-0.368662</value>
               </ControlLinearNode>
               <ControlLinearNode>
                  <t>0.993717</t>
                  <value>-0.562349</value>
               </ControlLinearNode>
               <ControlLinearNode>
                  <t>1.009717</t>
                  <value>-0.599187</value>
               </ControlLinearNode>
               <ControlLinearNode>
                  <t>1.025717</t>
                  <value>-0.526331</value>
               </ControlLinearNode>
               <ControlLinearNode>
                  <t>1.041717</t>
                  <value>-0.426927</value>
               </ControlLinearNode>
               <ControlLinearNode>
                  <t>1.057717</t>
                  <value>-0.322819</value>
               </ControlLinearNode>
               <ControlLinearNode>
                  <t>1.073717</t>
                  <value>-0.236188</value>
               </ControlLinearNode>
               <ControlLinearNode>
                  <t>1.089717</t>
                  <value>-0.183255</value>
               </ControlLinearNode>
               <ControlLinearNode>
                  <t>1.105717</t>
                  <value>-0.168890</value>
               </ControlLinearNode>
               <ControlLinearNode>
                  <t>1.121717</t>
                  <value>-0.186745</value>
               </ControlLinearNode>
               <ControlLinearNode>
                  <t>1.137717</t>
                  <value>-0.224022</value>
               </ControlLinearNode>
               <ControlLinearNode>
                  <t>1.153717</t>
                  <value>-0.267039</value>
               </ControlLinearNode>
               <ControlLinearNode>
                  <t>1.169717</t>
                  <value>-0.304457</value>
               </ControlLinearNode>
               <ControlLinearNode>
                  <t>1.185717</t>
                  <value>-0.329577</value>
               </ControlLinearNode>
               <ControlLinearNode>
                  <t>1.201717</t>
                  <value>-0.340643</value>
               </ControlLinearNode>
               <ControlLinearNode>
                  <t>1.217717</t>
                  <value>-0.339314</value>
               </ControlLinearNode>
               <ControlLinearNode>
                  <t>1.233717</t>
                  <value>-0.328725</value>
               </ControlLinearNode>
               <ControlLinearNode>
                  <t>1.249717</t>
                  <value>-0.312625</value>
               </ControlLinearNode>
               <ControlLinearNode>
                  <t>1.265717</t>
                  <value>-0.295435</value>
               </ControlLinearNode>
               <ControlLinearNode>
                  <t>1.281717</t>
                  <value>-0.280759</value>
               </ControlLinearNode>
               <ControlLinearNode>
                  <t>1.297717</t>
                  <value>-0.271732</value>
               </ControlLinearNode>
               <ControlLinearNode>
                  <t>1.313717</t>
                  <value>-0.268599</value>
               </ControlLinearNode>
               <ControlLinearNode>
                  <t>1.329717</t>
                  <value>-0.267988</value>
               </ControlLinearNode>
               <ControlLinearNode>
                  <t>1.345717</t>
                  <value>-0.266416</value>
               </ControlLinearNode>
               <ControlLinearNode>
                  <t>1.361717</t>
                  <value>-0.257809</value>
               </ControlLinearNode>
               <ControlLinearNode>
                  <t>1.377717</t>
                  <value>-0.232393</value>
               </ControlLinearNode>
               <ControlLinearNode>
                  <t>1.393717</t>
                  <value>-0.187213</value>
               </ControlLinearNode>
               <ControlLinearNode>
                  <t>1.409717</t>
                  <value>-0.128217</value>
               </ControlLinearNode>
               <ControlLinearNode>
                  <t>1.425717</t>
                  <value>-0.074135</value>
               </ControlLinearNode>
               <ControlLinearNode>
                  <t>1.441717</t>
                  <value>-0.044420</value>
               </ControlLinearNode>
               <ControlLinearNode>
                  <t>1.457717</t>
                  <value>-0.053083</value>
               </ControlLinearNode>
               <ControlLinearNode>
                  <t>1.473717</t>
                  <value>-0.101897</value>
               </ControlLinearNode>
               <ControlLinearNode>
                  <t>1.489717</t>
                  <value>-0.179653</value>
               </ControlLinearNode>
               <ControlLinearNode>
                  <t>1.505717</t>
                  <value>-0.267761</value>
               </ControlLinearNode>
               <ControlLinearNode>
                  <t>1.507300</t>
                  <value>-0.276348</value>
               </ControlLinearNode>
            </max_nodes>
            <kp>100</kp>
            <kv>100</kv>
         </ControlLinear>
		 <ControlLinear name="rAFO_torq_gen.excitation">
            <is_model_control>true</is_model_control>
            <extrapolate>false</extrapolate>
            <default_min>-2</default_min>
            <default_max>30</default_max>
            <filter_on>true</filter_on>
            <use_steps>false</use_steps>
            <x_nodes>
               <ControlLinearNode>
                  <t>0.216700</t>
                  <value>-0.000000</value>
               </ControlLinearNode>
               <ControlLinearNode>
                  <t>0.232700</t>
                  <value>-0.000000</value>
               </ControlLinearNode>
               <ControlLinearNode>
                  <t>0.248700</t>
                  <value>-0.000000</value>
               </ControlLinearNode>
               <ControlLinearNode>
                  <t>0.264700</t>
                  <value>-0.000000</value>
               </ControlLinearNode>
               <ControlLinearNode>
                  <t>0.280700</t>
                  <value>-0.000000</value>
               </ControlLinearNode>
               <ControlLinearNode>
                  <t>0.296700</t>
                  <value>-0.000000</value>
               </ControlLinearNode>
               <ControlLinearNode>
                  <t>0.312700</t>
                  <value>-0.000000</value>
               </ControlLinearNode>
               <ControlLinearNode>
                  <t>0.328700</t>
                  <value>-0.000000</value>
               </ControlLinearNode>
               <ControlLinearNode>
                  <t>0.344700</t>
                  <value>-0.000000</value>
               </ControlLinearNode>
               <ControlLinearNode>
                  <t>0.360700</t>
                  <value>-0.000000</value>
               </ControlLinearNode>
               <ControlLinearNode>
                  <t>0.376700</t>
                  <value>-0.000000</value>
               </ControlLinearNode>
               <ControlLinearNode>
                  <t>0.392700</t>
                  <value>-0.000000</value>
               </ControlLinearNode>
               <ControlLinearNode>
                  <t>0.408700</t>
                  <value>-0.000000</value>
               </ControlLinearNode>
               <ControlLinearNode>
                  <t>0.424700</t>
                  <value>-0.000000</value>
               </ControlLinearNode>
               <ControlLinearNode>
                  <t>0.440700</t>
                  <value>-0.000000</value>
               </ControlLinearNode>
               <ControlLinearNode>
                  <t>0.456700</t>
                  <value>-0.000000</value>
               </ControlLinearNode>
               <ControlLinearNode>
                  <t>0.472700</t>
                  <value>-0.000000</value>
               </ControlLinearNode>
               <ControlLinearNode>
                  <t>0.488700</t>
                  <value>-0.000000</value>
               </ControlLinearNode>
               <ControlLinearNode>
                  <t>0.504700</t>
                  <value>-0.000000</value>
               </ControlLinearNode>
               <ControlLinearNode>
                  <t>0.520700</t>
                  <value>-0.000000</value>
               </ControlLinearNode>
               <ControlLinearNode>
                  <t>0.536700</t>
                  <value>-0.000000</value>
               </ControlLinearNode>
               <ControlLinearNode>
                  <t>0.552700</t>
                  <value>-0.000000</value>
               </ControlLinearNode>
               <ControlLinearNode>
                  <t>0.568700</t>
                  <value>-0.000000</value>
               </ControlLinearNode>
               <ControlLinearNode>
                  <t>0.584700</t>
                  <value>-0.000000</value>
               </ControlLinearNode>
               <ControlLinearNode>
                  <t>0.600700</t>
                  <value>-0.000000</value>
               </ControlLinearNode>
               <ControlLinearNode>
                  <t>0.616700</t>
                  <value>-0.000000</value>
               </ControlLinearNode>
               <ControlLinearNode>
                  <t>0.632700</t>
                  <value>-0.000000</value>
               </ControlLinearNode>
               <ControlLinearNode>
                  <t>0.648700</t>
                  <value>-0.000000</value>
               </ControlLinearNode>
               <ControlLinearNode>
                  <t>0.664700</t>
                  <value>-0.000000</value>
               </ControlLinearNode>
               <ControlLinearNode>
                  <t>0.680700</t>
                  <value>-0.000000</value>
               </ControlLinearNode>
               <ControlLinearNode>
                  <t>0.696700</t>
                  <value>-0.000000</value>
               </ControlLinearNode>
               <ControlLinearNode>
                  <t>0.712700</t>
                  <value>-0.000000</value>
               </ControlLinearNode>
               <ControlLinearNode>
                  <t>0.728700</t>
                  <value>-0.000000</value>
               </ControlLinearNode>
               <ControlLinearNode>
                  <t>0.744700</t>
                  <value>-0.000000</value>
               </ControlLinearNode>
               <ControlLinearNode>
                  <t>0.760700</t>
                  <value>-0.000000</value>
               </ControlLinearNode>
               <ControlLinearNode>
                  <t>0.766000</t>
                  <value>-0.000000</value>
               </ControlLinearNode>
               <ControlLinearNode>
                  <t>0.766000</t>
                  <value>-0.000000</value>
               </ControlLinearNode>
               <ControlLinearNode>
                  <t>0.782000</t>
                  <value>-0.096782</value>
               </ControlLinearNode>
               <ControlLinearNode>
                  <t>0.798000</t>
                  <value>-0.628629</value>
               </ControlLinearNode>
               <ControlLinearNode>
                  <t>0.814000</t>
                  <value>-1.159305</value>
               </ControlLinearNode>
               <ControlLinearNode>
                  <t>0.830000</t>
                  <value>-1.618468</value>
               </ControlLinearNode>
               <ControlLinearNode>
                  <t>0.846000</t>
                  <value>-1.853638</value>
               </ControlLinearNode>
               <ControlLinearNode>
                  <t>0.862000</t>
                  <value>-1.548334</value>
               </ControlLinearNode>
               <ControlLinearNode>
                  <t>0.878000</t>
                  <value>-0.966509</value>
               </ControlLinearNode>
               <ControlLinearNode>
                  <t>0.894000</t>
                  <value>-0.347022</value>
               </ControlLinearNode>
               <ControlLinearNode>
                  <t>0.910000</t>
                  <value>0.196819</value>
               </ControlLinearNode>
               <ControlLinearNode>
                  <t>0.926000</t>
                  <value>0.737610</value>
               </ControlLinearNode>
               <ControlLinearNode>
                  <t>0.942000</t>
                  <value>1.248641</value>
               </ControlLinearNode>
               <ControlLinearNode>
                  <t>0.958000</t>
                  <value>1.735239</value>
               </ControlLinearNode>
               <ControlLinearNode>
                  <t>0.974000</t>
                  <value>2.256270</value>
               </ControlLinearNode>
               <ControlLinearNode>
                  <t>0.990000</t>
                  <value>2.788734</value>
               </ControlLinearNode>
               <ControlLinearNode>
                  <t>1.006000</t>
                  <value>3.266831</value>
               </ControlLinearNode>
               <ControlLinearNode>
                  <t>1.022000</t>
                  <value>3.663348</value>
               </ControlLinearNode>
               <ControlLinearNode>
                  <t>1.038000</t>
                  <value>3.971634</value>
               </ControlLinearNode>
               <ControlLinearNode>
                  <t>1.054000</t>
                  <value>4.247131</value>
               </ControlLinearNode>
               <ControlLinearNode>
                  <t>1.070000</t>
                  <value>4.525349</value>
               </ControlLinearNode>
               <ControlLinearNode>
                  <t>1.086000</t>
                  <value>4.746272</value>
               </ControlLinearNode>
               <ControlLinearNode>
                  <t>1.102000</t>
                  <value>4.872434</value>
               </ControlLinearNode>
               <ControlLinearNode>
                  <t>1.118000</t>
                  <value>4.986401</value>
               </ControlLinearNode>
               <ControlLinearNode>
                  <t>1.134000</t>
                  <value>5.148718</value>
               </ControlLinearNode>
               <ControlLinearNode>
                  <t>1.150000</t>
                  <value>5.344844</value>
               </ControlLinearNode>
               <ControlLinearNode>
                  <t>1.166000</t>
                  <value>5.565867</value>
               </ControlLinearNode>
               <ControlLinearNode>
                  <t>1.182000</t>
                  <value>5.816979</value>
               </ControlLinearNode>
               <ControlLinearNode>
                  <t>1.198000</t>
                  <value>6.097888</value>
               </ControlLinearNode>
               <ControlLinearNode>
                  <t>1.214000</t>
                  <value>6.417387</value>
               </ControlLinearNode>
               <ControlLinearNode>
                  <t>1.230000</t>
                  <value>6.811632</value>
               </ControlLinearNode>
               <ControlLinearNode>
                  <t>1.246000</t>
                  <value>7.284840</value>
               </ControlLinearNode>
               <ControlLinearNode>
                  <t>1.262000</t>
                  <value>7.836200</value>
               </ControlLinearNode>
               <ControlLinearNode>
                  <t>1.278000</t>
                  <value>8.520534</value>
               </ControlLinearNode>
               <ControlLinearNode>
                  <t>1.294000</t>
                  <value>9.424577</value>
               </ControlLinearNode>
               <ControlLinearNode>
                  <t>1.310000</t>
                  <value>10.581514</value>
               </ControlLinearNode>
               <ControlLinearNode>
                  <t>1.326000</t>
                  <value>11.935232</value>
               </ControlLinearNode>
               <ControlLinearNode>
                  <t>1.342000</t>
                  <value>13.501902</value>
               </ControlLinearNode>
               <ControlLinearNode>
                  <t>1.358000</t>
                  <value>15.369825</value>
               </ControlLinearNode>
               <ControlLinearNode>
                  <t>1.374000</t>
                  <value>17.514273</value>
               </ControlLinearNode>
               <ControlLinearNode>
                  <t>1.390000</t>
                  <value>19.805554</value>
               </ControlLinearNode>
               <ControlLinearNode>
                  <t>1.406000</t>
                  <value>22.037153</value>
               </ControlLinearNode>
               <ControlLinearNode>
                  <t>1.422000</t>
                  <value>24.003319</value>
               </ControlLinearNode>
               <ControlLinearNode>
                  <t>1.438000</t>
                  <value>25.659964</value>
               </ControlLinearNode>
               <ControlLinearNode>
                  <t>1.454000</t>
                  <value>27.060552</value>
               </ControlLinearNode>
               <ControlLinearNode>
                  <t>1.470000</t>
                  <value>28.155386</value>
               </ControlLinearNode>
               <ControlLinearNode>
                  <t>1.486000</t>
                  <value>28.829069</value>
               </ControlLinearNode>
               <ControlLinearNode>
                  <t>1.502000</t>
                  <value>29.002592</value>
               </ControlLinearNode>
               <ControlLinearNode>
                  <t>1.507300</t>
                  <value>28.972199</value>
               </ControlLinearNode>
            </x_nodes>
            <min_nodes>
               <ControlLinearNode>
                  <t>0.216700</t>
                  <value>-0.000000</value>
               </ControlLinearNode>
               <ControlLinearNode>
                  <t>0.232700</t>
                  <value>-0.000000</value>
               </ControlLinearNode>
               <ControlLinearNode>
                  <t>0.248700</t>
                  <value>-0.000000</value>
               </ControlLinearNode>
               <ControlLinearNode>
                  <t>0.264700</t>
                  <value>-0.000000</value>
               </ControlLinearNode>
               <ControlLinearNode>
                  <t>0.280700</t>
                  <value>-0.000000</value>
               </ControlLinearNode>
               <ControlLinearNode>
                  <t>0.296700</t>
                  <value>-0.000000</value>
               </ControlLinearNode>
               <ControlLinearNode>
                  <t>0.312700</t>
                  <value>-0.000000</value>
               </ControlLinearNode>
               <ControlLinearNode>
                  <t>0.328700</t>
                  <value>-0.000000</value>
               </ControlLinearNode>
               <ControlLinearNode>
                  <t>0.344700</t>
                  <value>-0.000000</value>
               </ControlLinearNode>
               <ControlLinearNode>
                  <t>0.360700</t>
                  <value>-0.000000</value>
               </ControlLinearNode>
               <ControlLinearNode>
                  <t>0.376700</t>
                  <value>-0.000000</value>
               </ControlLinearNode>
               <ControlLinearNode>
                  <t>0.392700</t>
                  <value>-0.000000</value>
               </ControlLinearNode>
               <ControlLinearNode>
                  <t>0.408700</t>
                  <value>-0.000000</value>
               </ControlLinearNode>
               <ControlLinearNode>
                  <t>0.424700</t>
                  <value>-0.000000</value>
               </ControlLinearNode>
               <ControlLinearNode>
                  <t>0.440700</t>
                  <value>-0.000000</value>
               </ControlLinearNode>
               <ControlLinearNode>
                  <t>0.456700</t>
                  <value>-0.000000</value>
               </ControlLinearNode>
               <ControlLinearNode>
                  <t>0.472700</t>
                  <value>-0.000000</value>
               </ControlLinearNode>
               <ControlLinearNode>
                  <t>0.488700</t>
                  <value>-0.000000</value>
               </ControlLinearNode>
               <ControlLinearNode>
                  <t>0.504700</t>
                  <value>-0.000000</value>
               </ControlLinearNode>
               <ControlLinearNode>
                  <t>0.520700</t>
                  <value>-0.000000</value>
               </ControlLinearNode>
               <ControlLinearNode>
                  <t>0.536700</t>
                  <value>-0.000000</value>
               </ControlLinearNode>
               <ControlLinearNode>
                  <t>0.552700</t>
                  <value>-0.000000</value>
               </ControlLinearNode>
               <ControlLinearNode>
                  <t>0.568700</t>
                  <value>-0.000000</value>
               </ControlLinearNode>
               <ControlLinearNode>
                  <t>0.584700</t>
                  <value>-0.000000</value>
               </ControlLinearNode>
               <ControlLinearNode>
                  <t>0.600700</t>
                  <value>-0.000000</value>
               </ControlLinearNode>
               <ControlLinearNode>
                  <t>0.616700</t>
                  <value>-0.000000</value>
               </ControlLinearNode>
               <ControlLinearNode>
                  <t>0.632700</t>
                  <value>-0.000000</value>
               </ControlLinearNode>
               <ControlLinearNode>
                  <t>0.648700</t>
                  <value>-0.000000</value>
               </ControlLinearNode>
               <ControlLinearNode>
                  <t>0.664700</t>
                  <value>-0.000000</value>
               </ControlLinearNode>
               <ControlLinearNode>
                  <t>0.680700</t>
                  <value>-0.000000</value>
               </ControlLinearNode>
               <ControlLinearNode>
                  <t>0.696700</t>
                  <value>-0.000000</value>
               </ControlLinearNode>
               <ControlLinearNode>
                  <t>0.712700</t>
                  <value>-0.000000</value>
               </ControlLinearNode>
               <ControlLinearNode>
                  <t>0.728700</t>
                  <value>-0.000000</value>
               </ControlLinearNode>
               <ControlLinearNode>
                  <t>0.744700</t>
                  <value>-0.000000</value>
               </ControlLinearNode>
               <ControlLinearNode>
                  <t>0.760700</t>
                  <value>-0.000000</value>
               </ControlLinearNode>
               <ControlLinearNode>
                  <t>0.766000</t>
                  <value>-0.000000</value>
               </ControlLinearNode>
               <ControlLinearNode>
                  <t>0.766000</t>
                  <value>-0.000000</value>
               </ControlLinearNode>
               <ControlLinearNode>
                  <t>0.782000</t>
                  <value>-0.096782</value>
               </ControlLinearNode>
               <ControlLinearNode>
                  <t>0.798000</t>
                  <value>-0.628629</value>
               </ControlLinearNode>
               <ControlLinearNode>
                  <t>0.814000</t>
                  <value>-1.159305</value>
               </ControlLinearNode>
               <ControlLinearNode>
                  <t>0.830000</t>
                  <value>-1.618468</value>
               </ControlLinearNode>
               <ControlLinearNode>
                  <t>0.846000</t>
                  <value>-1.853638</value>
               </ControlLinearNode>
               <ControlLinearNode>
                  <t>0.862000</t>
                  <value>-1.548334</value>
               </ControlLinearNode>
               <ControlLinearNode>
                  <t>0.878000</t>
                  <value>-0.966509</value>
               </ControlLinearNode>
               <ControlLinearNode>
                  <t>0.894000</t>
                  <value>-0.347022</value>
               </ControlLinearNode>
               <ControlLinearNode>
                  <t>0.910000</t>
                  <value>0.196819</value>
               </ControlLinearNode>
               <ControlLinearNode>
                  <t>0.926000</t>
                  <value>0.737610</value>
               </ControlLinearNode>
               <ControlLinearNode>
                  <t>0.942000</t>
                  <value>1.248641</value>
               </ControlLinearNode>
               <ControlLinearNode>
                  <t>0.958000</t>
                  <value>1.735239</value>
               </ControlLinearNode>
               <ControlLinearNode>
                  <t>0.974000</t>
                  <value>2.256270</value>
               </ControlLinearNode>
               <ControlLinearNode>
                  <t>0.990000</t>
                  <value>2.788734</value>
               </ControlLinearNode>
               <ControlLinearNode>
                  <t>1.006000</t>
                  <value>3.266831</value>
               </ControlLinearNode>
               <ControlLinearNode>
                  <t>1.022000</t>
                  <value>3.663348</value>
               </ControlLinearNode>
               <ControlLinearNode>
                  <t>1.038000</t>
                  <value>3.971634</value>
               </ControlLinearNode>
               <ControlLinearNode>
                  <t>1.054000</t>
                  <value>4.247131</value>
               </ControlLinearNode>
               <ControlLinearNode>
                  <t>1.070000</t>
                  <value>4.525349</value>
               </ControlLinearNode>
               <ControlLinearNode>
                  <t>1.086000</t>
                  <value>4.746272</value>
               </ControlLinearNode>
               <ControlLinearNode>
                  <t>1.102000</t>
                  <value>4.872434</value>
               </ControlLinearNode>
               <ControlLinearNode>
                  <t>1.118000</t>
                  <value>4.986401</value>
               </ControlLinearNode>
               <ControlLinearNode>
                  <t>1.134000</t>
                  <value>5.148718</value>
               </ControlLinearNode>
               <ControlLinearNode>
                  <t>1.150000</t>
                  <value>5.344844</value>
               </ControlLinearNode>
               <ControlLinearNode>
                  <t>1.166000</t>
                  <value>5.565867</value>
               </ControlLinearNode>
               <ControlLinearNode>
                  <t>1.182000</t>
                  <value>5.816979</value>
               </ControlLinearNode>
               <ControlLinearNode>
                  <t>1.198000</t>
                  <value>6.097888</value>
               </ControlLinearNode>
               <ControlLinearNode>
                  <t>1.214000</t>
                  <value>6.417387</value>
               </ControlLinearNode>
               <ControlLinearNode>
                  <t>1.230000</t>
                  <value>6.811632</value>
               </ControlLinearNode>
               <ControlLinearNode>
                  <t>1.246000</t>
                  <value>7.284840</value>
               </ControlLinearNode>
               <ControlLinearNode>
                  <t>1.262000</t>
                  <value>7.836200</value>
               </ControlLinearNode>
               <ControlLinearNode>
                  <t>1.278000</t>
                  <value>8.520534</value>
               </ControlLinearNode>
               <ControlLinearNode>
                  <t>1.294000</t>
                  <value>9.424577</value>
               </ControlLinearNode>
               <ControlLinearNode>
                  <t>1.310000</t>
                  <value>10.581514</value>
               </ControlLinearNode>
               <ControlLinearNode>
                  <t>1.326000</t>
                  <value>11.935232</value>
               </ControlLinearNode>
               <ControlLinearNode>
                  <t>1.342000</t>
                  <value>13.501902</value>
               </ControlLinearNode>
               <ControlLinearNode>
                  <t>1.358000</t>
                  <value>15.369825</value>
               </ControlLinearNode>
               <ControlLinearNode>
                  <t>1.374000</t>
                  <value>17.514273</value>
               </ControlLinearNode>
               <ControlLinearNode>
                  <t>1.390000</t>
                  <value>19.805554</value>
               </ControlLinearNode>
               <ControlLinearNode>
                  <t>1.406000</t>
                  <value>22.037153</value>
               </ControlLinearNode>
               <ControlLinearNode>
                  <t>1.422000</t>
                  <value>24.003319</value>
               </ControlLinearNode>
               <ControlLinearNode>
                  <t>1.438000</t>
                  <value>25.659964</value>
               </ControlLinearNode>
               <ControlLinearNode>
                  <t>1.454000</t>
                  <value>27.060552</value>
               </ControlLinearNode>
               <ControlLinearNode>
                  <t>1.470000</t>
                  <value>28.155386</value>
               </ControlLinearNode>
               <ControlLinearNode>
                  <t>1.486000</t>
                  <value>28.829069</value>
               </ControlLinearNode>
               <ControlLinearNode>
                  <t>1.502000</t>
                  <value>29.002592</value>
               </ControlLinearNode>
               <ControlLinearNode>
                  <t>1.507300</t>
                  <value>28.972199</value>
               </ControlLinearNode>
            </min_nodes>
            <max_nodes>
               <ControlLinearNode>
                  <t>0.216700</t>
                  <value>-0.000000</value>
               </ControlLinearNode>
               <ControlLinearNode>
                  <t>0.232700</t>
                  <value>-0.000000</value>
               </ControlLinearNode>
               <ControlLinearNode>
                  <t>0.248700</t>
                  <value>-0.000000</value>
               </ControlLinearNode>
               <ControlLinearNode>
                  <t>0.264700</t>
                  <value>-0.000000</value>
               </ControlLinearNode>
               <ControlLinearNode>
                  <t>0.280700</t>
                  <value>-0.000000</value>
               </ControlLinearNode>
               <ControlLinearNode>
                  <t>0.296700</t>
                  <value>-0.000000</value>
               </ControlLinearNode>
               <ControlLinearNode>
                  <t>0.312700</t>
                  <value>-0.000000</value>
               </ControlLinearNode>
               <ControlLinearNode>
                  <t>0.328700</t>
                  <value>-0.000000</value>
               </ControlLinearNode>
               <ControlLinearNode>
                  <t>0.344700</t>
                  <value>-0.000000</value>
               </ControlLinearNode>
               <ControlLinearNode>
                  <t>0.360700</t>
                  <value>-0.000000</value>
               </ControlLinearNode>
               <ControlLinearNode>
                  <t>0.376700</t>
                  <value>-0.000000</value>
               </ControlLinearNode>
               <ControlLinearNode>
                  <t>0.392700</t>
                  <value>-0.000000</value>
               </ControlLinearNode>
               <ControlLinearNode>
                  <t>0.408700</t>
                  <value>-0.000000</value>
               </ControlLinearNode>
               <ControlLinearNode>
                  <t>0.424700</t>
                  <value>-0.000000</value>
               </ControlLinearNode>
               <ControlLinearNode>
                  <t>0.440700</t>
                  <value>-0.000000</value>
               </ControlLinearNode>
               <ControlLinearNode>
                  <t>0.456700</t>
                  <value>-0.000000</value>
               </ControlLinearNode>
               <ControlLinearNode>
                  <t>0.472700</t>
                  <value>-0.000000</value>
               </ControlLinearNode>
               <ControlLinearNode>
                  <t>0.488700</t>
                  <value>-0.000000</value>
               </ControlLinearNode>
               <ControlLinearNode>
                  <t>0.504700</t>
                  <value>-0.000000</value>
               </ControlLinearNode>
               <ControlLinearNode>
                  <t>0.520700</t>
                  <value>-0.000000</value>
               </ControlLinearNode>
               <ControlLinearNode>
                  <t>0.536700</t>
                  <value>-0.000000</value>
               </ControlLinearNode>
               <ControlLinearNode>
                  <t>0.552700</t>
                  <value>-0.000000</value>
               </ControlLinearNode>
               <ControlLinearNode>
                  <t>0.568700</t>
                  <value>-0.000000</value>
               </ControlLinearNode>
               <ControlLinearNode>
                  <t>0.584700</t>
                  <value>-0.000000</value>
               </ControlLinearNode>
               <ControlLinearNode>
                  <t>0.600700</t>
                  <value>-0.000000</value>
               </ControlLinearNode>
               <ControlLinearNode>
                  <t>0.616700</t>
                  <value>-0.000000</value>
               </ControlLinearNode>
               <ControlLinearNode>
                  <t>0.632700</t>
                  <value>-0.000000</value>
               </ControlLinearNode>
               <ControlLinearNode>
                  <t>0.648700</t>
                  <value>-0.000000</value>
               </ControlLinearNode>
               <ControlLinearNode>
                  <t>0.664700</t>
                  <value>-0.000000</value>
               </ControlLinearNode>
               <ControlLinearNode>
                  <t>0.680700</t>
                  <value>-0.000000</value>
               </ControlLinearNode>
               <ControlLinearNode>
                  <t>0.696700</t>
                  <value>-0.000000</value>
               </ControlLinearNode>
               <ControlLinearNode>
                  <t>0.712700</t>
                  <value>-0.000000</value>
               </ControlLinearNode>
               <ControlLinearNode>
                  <t>0.728700</t>
                  <value>-0.000000</value>
               </ControlLinearNode>
               <ControlLinearNode>
                  <t>0.744700</t>
                  <value>-0.000000</value>
               </ControlLinearNode>
               <ControlLinearNode>
                  <t>0.760700</t>
                  <value>-0.000000</value>
               </ControlLinearNode>
               <ControlLinearNode>
                  <t>0.766000</t>
                  <value>-0.000000</value>
               </ControlLinearNode>
               <ControlLinearNode>
                  <t>0.766000</t>
                  <value>-0.000000</value>
               </ControlLinearNode>
               <ControlLinearNode>
                  <t>0.782000</t>
                  <value>-0.096782</value>
               </ControlLinearNode>
               <ControlLinearNode>
                  <t>0.798000</t>
                  <value>-0.628629</value>
               </ControlLinearNode>
               <ControlLinearNode>
                  <t>0.814000</t>
                  <value>-1.159305</value>
               </ControlLinearNode>
               <ControlLinearNode>
                  <t>0.830000</t>
                  <value>-1.618468</value>
               </ControlLinearNode>
               <ControlLinearNode>
                  <t>0.846000</t>
                  <value>-1.853638</value>
               </ControlLinearNode>
               <ControlLinearNode>
                  <t>0.862000</t>
                  <value>-1.548334</value>
               </ControlLinearNode>
               <ControlLinearNode>
                  <t>0.878000</t>
                  <value>-0.966509</value>
               </ControlLinearNode>
               <ControlLinearNode>
                  <t>0.894000</t>
                  <value>-0.347022</value>
               </ControlLinearNode>
               <ControlLinearNode>
                  <t>0.910000</t>
                  <value>0.196819</value>
               </ControlLinearNode>
               <ControlLinearNode>
                  <t>0.926000</t>
                  <value>0.737610</value>
               </ControlLinearNode>
               <ControlLinearNode>
                  <t>0.942000</t>
                  <value>1.248641</value>
               </ControlLinearNode>
               <ControlLinearNode>
                  <t>0.958000</t>
                  <value>1.735239</value>
               </ControlLinearNode>
               <ControlLinearNode>
                  <t>0.974000</t>
                  <value>2.256270</value>
               </ControlLinearNode>
               <ControlLinearNode>
                  <t>0.990000</t>
                  <value>2.788734</value>
               </ControlLinearNode>
               <ControlLinearNode>
                  <t>1.006000</t>
                  <value>3.266831</value>
               </ControlLinearNode>
               <ControlLinearNode>
                  <t>1.022000</t>
                  <value>3.663348</value>
               </ControlLinearNode>
               <ControlLinearNode>
                  <t>1.038000</t>
                  <value>3.971634</value>
               </ControlLinearNode>
               <ControlLinearNode>
                  <t>1.054000</t>
                  <value>4.247131</value>
               </ControlLinearNode>
               <ControlLinearNode>
                  <t>1.070000</t>
                  <value>4.525349</value>
               </ControlLinearNode>
               <ControlLinearNode>
                  <t>1.086000</t>
                  <value>4.746272</value>
               </ControlLinearNode>
               <ControlLinearNode>
                  <t>1.102000</t>
                  <value>4.872434</value>
               </ControlLinearNode>
               <ControlLinearNode>
                  <t>1.118000</t>
                  <value>4.986401</value>
               </ControlLinearNode>
               <ControlLinearNode>
                  <t>1.134000</t>
                  <value>5.148718</value>
               </ControlLinearNode>
               <ControlLinearNode>
                  <t>1.150000</t>
                  <value>5.344844</value>
               </ControlLinearNode>
               <ControlLinearNode>
                  <t>1.166000</t>
                  <value>5.565867</value>
               </ControlLinearNode>
               <ControlLinearNode>
                  <t>1.182000</t>
                  <value>5.816979</value>
               </ControlLinearNode>
               <ControlLinearNode>
                  <t>1.198000</t>
                  <value>6.097888</value>
               </ControlLinearNode>
               <ControlLinearNode>
                  <t>1.214000</t>
                  <value>6.417387</value>
               </ControlLinearNode>
               <ControlLinearNode>
                  <t>1.230000</t>
                  <value>6.811632</value>
               </ControlLinearNode>
               <ControlLinearNode>
                  <t>1.246000</t>
                  <value>7.284840</value>
               </ControlLinearNode>
               <ControlLinearNode>
                  <t>1.262000</t>
                  <value>7.836200</value>
               </ControlLinearNode>
               <ControlLinearNode>
                  <t>1.278000</t>
                  <value>8.520534</value>
               </ControlLinearNode>
               <ControlLinearNode>
                  <t>1.294000</t>
                  <value>9.424577</value>
               </ControlLinearNode>
               <ControlLinearNode>
                  <t>1.310000</t>
                  <value>10.581514</value>
               </ControlLinearNode>
               <ControlLinearNode>
                  <t>1.326000</t>
                  <value>11.935232</value>
               </ControlLinearNode>
               <ControlLinearNode>
                  <t>1.342000</t>
                  <value>13.501902</value>
               </ControlLinearNode>
               <ControlLinearNode>
                  <t>1.358000</t>
                  <value>15.369825</value>
               </ControlLinearNode>
               <ControlLinearNode>
                  <t>1.374000</t>
                  <value>17.514273</value>
               </ControlLinearNode>
               <ControlLinearNode>
                  <t>1.390000</t>
                  <value>19.805554</value>
               </ControlLinearNode>
               <ControlLinearNode>
                  <t>1.406000</t>
                  <value>22.037153</value>
               </ControlLinearNode>
               <ControlLinearNode>
                  <t>1.422000</t>
                  <value>24.003319</value>
               </ControlLinearNode>
               <ControlLinearNode>
                  <t>1.438000</t>
                  <value>25.659964</value>
               </ControlLinearNode>
               <ControlLinearNode>
                  <t>1.454000</t>
                  <value>27.060552</value>
               </ControlLinearNode>
               <ControlLinearNode>
                  <t>1.470000</t>
                  <value>28.155386</value>
               </ControlLinearNode>
               <ControlLinearNode>
                  <t>1.486000</t>
                  <value>28.829069</value>
               </ControlLinearNode>
               <ControlLinearNode>
                  <t>1.502000</t>
                  <value>29.002592</value>
               </ControlLinearNode>
               <ControlLinearNode>
                  <t>1.507300</t>
                  <value>28.972199</value>
               </ControlLinearNode>
            </max_nodes>
            <kp>100</kp>
            <kv>100</kv>
         </ControlLinear>
      </objects>
   </ControlSet>
</OpenSimDocument>