<?xml version="1.0" encoding="utf-8"?>
<OpenSimDocument Version="40000">
   <ControlSet name="GIL_AFO_Controller">
      <objects>
         <ControlLinear name="rAFO_torq_gen.excitation">
            <is_model_control>true</is_model_control>
            <extrapolate>false</extrapolate>
            <default_min>-4</default_min>
            <default_max>31</default_max>
            <filter_on>true</filter_on>
            <use_steps>false</use_steps>
            <x_nodes>
               <ControlLinearNode>
                  <t>0.125000</t>
                  <value>-0.000000</value>
               </ControlLinearNode>
               <ControlLinearNode>
                  <t>0.135000</t>
                  <value>-0.000000</value>
               </ControlLinearNode>
               <ControlLinearNode>
                  <t>0.145000</t>
                  <value>-0.000000</value>
               </ControlLinearNode>
               <ControlLinearNode>
                  <t>0.155000</t>
                  <value>-0.000000</value>
               </ControlLinearNode>
               <ControlLinearNode>
                  <t>0.165000</t>
                  <value>-0.000000</value>
               </ControlLinearNode>
               <ControlLinearNode>
                  <t>0.175000</t>
                  <value>-0.000000</value>
               </ControlLinearNode>
               <ControlLinearNode>
                  <t>0.185000</t>
                  <value>-0.000000</value>
               </ControlLinearNode>
               <ControlLinearNode>
                  <t>0.195000</t>
                  <value>-0.000000</value>
               </ControlLinearNode>
               <ControlLinearNode>
                  <t>0.205000</t>
                  <value>-0.000000</value>
               </ControlLinearNode>
               <ControlLinearNode>
                  <t>0.215000</t>
                  <value>-0.000000</value>
               </ControlLinearNode>
               <ControlLinearNode>
                  <t>0.225000</t>
                  <value>-0.000000</value>
               </ControlLinearNode>
               <ControlLinearNode>
                  <t>0.235000</t>
                  <value>-0.000000</value>
               </ControlLinearNode>
               <ControlLinearNode>
                  <t>0.245000</t>
                  <value>-0.000000</value>
               </ControlLinearNode>
               <ControlLinearNode>
                  <t>0.255000</t>
                  <value>-0.000000</value>
               </ControlLinearNode>
               <ControlLinearNode>
                  <t>0.265000</t>
                  <value>-0.000000</value>
               </ControlLinearNode>
               <ControlLinearNode>
                  <t>0.275000</t>
                  <value>-0.000000</value>
               </ControlLinearNode>
               <ControlLinearNode>
                  <t>0.285000</t>
                  <value>-0.000000</value>
               </ControlLinearNode>
               <ControlLinearNode>
                  <t>0.295000</t>
                  <value>-0.000000</value>
               </ControlLinearNode>
               <ControlLinearNode>
                  <t>0.305000</t>
                  <value>-0.000000</value>
               </ControlLinearNode>
               <ControlLinearNode>
                  <t>0.315000</t>
                  <value>-0.000000</value>
               </ControlLinearNode>
               <ControlLinearNode>
                  <t>0.325000</t>
                  <value>-0.000000</value>
               </ControlLinearNode>
               <ControlLinearNode>
                  <t>0.335000</t>
                  <value>-0.000000</value>
               </ControlLinearNode>
               <ControlLinearNode>
                  <t>0.345000</t>
                  <value>-0.000000</value>
               </ControlLinearNode>
               <ControlLinearNode>
                  <t>0.355000</t>
                  <value>-0.000000</value>
               </ControlLinearNode>
               <ControlLinearNode>
                  <t>0.365000</t>
                  <value>-0.000000</value>
               </ControlLinearNode>
               <ControlLinearNode>
                  <t>0.375000</t>
                  <value>-0.000000</value>
               </ControlLinearNode>
               <ControlLinearNode>
                  <t>0.385000</t>
                  <value>-0.000000</value>
               </ControlLinearNode>
               <ControlLinearNode>
                  <t>0.395000</t>
                  <value>-0.000000</value>
               </ControlLinearNode>
               <ControlLinearNode>
                  <t>0.405000</t>
                  <value>-0.000000</value>
               </ControlLinearNode>
               <ControlLinearNode>
                  <t>0.415000</t>
                  <value>-0.000000</value>
               </ControlLinearNode>
               <ControlLinearNode>
                  <t>0.425000</t>
                  <value>-0.000000</value>
               </ControlLinearNode>
               <ControlLinearNode>
                  <t>0.435000</t>
                  <value>-0.000000</value>
               </ControlLinearNode>
               <ControlLinearNode>
                  <t>0.445000</t>
                  <value>-0.000000</value>
               </ControlLinearNode>
               <ControlLinearNode>
                  <t>0.455000</t>
                  <value>-0.000000</value>
               </ControlLinearNode>
               <ControlLinearNode>
                  <t>0.465000</t>
                  <value>-0.000000</value>
               </ControlLinearNode>
               <ControlLinearNode>
                  <t>0.475000</t>
                  <value>-0.000000</value>
               </ControlLinearNode>
               <ControlLinearNode>
                  <t>0.485000</t>
                  <value>-0.000000</value>
               </ControlLinearNode>
               <ControlLinearNode>
                  <t>0.495000</t>
                  <value>-0.000000</value>
               </ControlLinearNode>
               <ControlLinearNode>
                  <t>0.505000</t>
                  <value>-0.000000</value>
               </ControlLinearNode>
               <ControlLinearNode>
                  <t>0.515000</t>
                  <value>-0.000000</value>
               </ControlLinearNode>
               <ControlLinearNode>
                  <t>0.525000</t>
                  <value>-0.000000</value>
               </ControlLinearNode>
               <ControlLinearNode>
                  <t>0.535000</t>
                  <value>-0.000000</value>
               </ControlLinearNode>
               <ControlLinearNode>
                  <t>0.542000</t>
                  <value>-0.000000</value>
               </ControlLinearNode>
               <ControlLinearNode>
                  <t>0.542000</t>
                  <value>-0.000000</value>
               </ControlLinearNode>
               <ControlLinearNode>
                  <t>0.542000</t>
                  <value>-0.000000</value>
               </ControlLinearNode>
               <ControlLinearNode>
                  <t>0.552000</t>
                  <value>-0.241986</value>
               </ControlLinearNode>
               <ControlLinearNode>
                  <t>0.562000</t>
                  <value>-1.092926</value>
               </ControlLinearNode>
               <ControlLinearNode>
                  <t>0.572000</t>
                  <value>-1.799770</value>
               </ControlLinearNode>
               <ControlLinearNode>
                  <t>0.582000</t>
                  <value>-2.274243</value>
               </ControlLinearNode>
               <ControlLinearNode>
                  <t>0.592000</t>
                  <value>-2.397121</value>
               </ControlLinearNode>
               <ControlLinearNode>
                  <t>0.602000</t>
                  <value>-2.120217</value>
               </ControlLinearNode>
               <ControlLinearNode>
                  <t>0.612000</t>
                  <value>-1.631845</value>
               </ControlLinearNode>
               <ControlLinearNode>
                  <t>0.622000</t>
                  <value>-1.125041</value>
               </ControlLinearNode>
               <ControlLinearNode>
                  <t>0.632000</t>
                  <value>-0.631575</value>
               </ControlLinearNode>
               <ControlLinearNode>
                  <t>0.642000</t>
                  <value>-0.131172</value>
               </ControlLinearNode>
               <ControlLinearNode>
                  <t>0.652000</t>
                  <value>0.421673</value>
               </ControlLinearNode>
               <ControlLinearNode>
                  <t>0.662000</t>
                  <value>1.057544</value>
               </ControlLinearNode>
               <ControlLinearNode>
                  <t>0.672000</t>
                  <value>1.773786</value>
               </ControlLinearNode>
               <ControlLinearNode>
                  <t>0.682000</t>
                  <value>2.542216</value>
               </ControlLinearNode>
               <ControlLinearNode>
                  <t>0.692000</t>
                  <value>3.306912</value>
               </ControlLinearNode>
               <ControlLinearNode>
                  <t>0.702000</t>
                  <value>4.022295</value>
               </ControlLinearNode>
               <ControlLinearNode>
                  <t>0.712000</t>
                  <value>4.666843</value>
               </ControlLinearNode>
               <ControlLinearNode>
                  <t>0.722000</t>
                  <value>5.249846</value>
               </ControlLinearNode>
               <ControlLinearNode>
                  <t>0.732000</t>
                  <value>5.793579</value>
               </ControlLinearNode>
               <ControlLinearNode>
                  <t>0.742000</t>
                  <value>6.317815</value>
               </ControlLinearNode>
               <ControlLinearNode>
                  <t>0.752000</t>
                  <value>6.839751</value>
               </ControlLinearNode>
               <ControlLinearNode>
                  <t>0.762000</t>
                  <value>7.372491</value>
               </ControlLinearNode>
               <ControlLinearNode>
                  <t>0.772000</t>
                  <value>7.920931</value>
               </ControlLinearNode>
               <ControlLinearNode>
                  <t>0.782000</t>
                  <value>8.484171</value>
               </ControlLinearNode>
               <ControlLinearNode>
                  <t>0.792000</t>
                  <value>9.057137</value>
               </ControlLinearNode>
               <ControlLinearNode>
                  <t>0.802000</t>
                  <value>9.634245</value>
               </ControlLinearNode>
               <ControlLinearNode>
                  <t>0.812000</t>
                  <value>10.209404</value>
               </ControlLinearNode>
               <ControlLinearNode>
                  <t>0.822000</t>
                  <value>10.793474</value>
               </ControlLinearNode>
               <ControlLinearNode>
                  <t>0.832000</t>
                  <value>11.408628</value>
               </ControlLinearNode>
               <ControlLinearNode>
                  <t>0.842000</t>
                  <value>12.072963</value>
               </ControlLinearNode>
               <ControlLinearNode>
                  <t>0.852000</t>
                  <value>12.793606</value>
               </ControlLinearNode>
               <ControlLinearNode>
                  <t>0.862000</t>
                  <value>13.568842</value>
               </ControlLinearNode>
               <ControlLinearNode>
                  <t>0.872000</t>
                  <value>14.394387</value>
               </ControlLinearNode>
               <ControlLinearNode>
                  <t>0.882000</t>
                  <value>15.257189</value>
               </ControlLinearNode>
               <ControlLinearNode>
                  <t>0.892000</t>
                  <value>16.145173</value>
               </ControlLinearNode>
               <ControlLinearNode>
                  <t>0.902000</t>
                  <value>17.053080</value>
               </ControlLinearNode>
               <ControlLinearNode>
                  <t>0.912000</t>
                  <value>17.987357</value>
               </ControlLinearNode>
               <ControlLinearNode>
                  <t>0.922000</t>
                  <value>18.962730</value>
               </ControlLinearNode>
               <ControlLinearNode>
                  <t>0.932000</t>
                  <value>19.990460</value>
               </ControlLinearNode>
               <ControlLinearNode>
                  <t>0.942000</t>
                  <value>21.072652</value>
               </ControlLinearNode>
               <ControlLinearNode>
                  <t>0.952000</t>
                  <value>22.186287</value>
               </ControlLinearNode>
               <ControlLinearNode>
                  <t>0.962000</t>
                  <value>23.279911</value>
               </ControlLinearNode>
               <ControlLinearNode>
                  <t>0.972000</t>
                  <value>24.312061</value>
               </ControlLinearNode>
               <ControlLinearNode>
                  <t>0.982000</t>
                  <value>25.265873</value>
               </ControlLinearNode>
               <ControlLinearNode>
                  <t>0.992000</t>
                  <value>26.140058</value>
               </ControlLinearNode>
               <ControlLinearNode>
                  <t>1.002000</t>
                  <value>26.954839</value>
               </ControlLinearNode>
               <ControlLinearNode>
                  <t>1.012000</t>
                  <value>27.727919</value>
               </ControlLinearNode>
               <ControlLinearNode>
                  <t>1.022000</t>
                  <value>28.446629</value>
               </ControlLinearNode>
               <ControlLinearNode>
                  <t>1.032000</t>
                  <value>29.080647</value>
               </ControlLinearNode>
               <ControlLinearNode>
                  <t>1.042000</t>
                  <value>29.617029</value>
               </ControlLinearNode>
               <ControlLinearNode>
                  <t>1.052000</t>
                  <value>30.049162</value>
               </ControlLinearNode>
               <ControlLinearNode>
                  <t>1.062000</t>
                  <value>30.361828</value>
               </ControlLinearNode>
               <ControlLinearNode>
                  <t>1.072000</t>
                  <value>30.549373</value>
               </ControlLinearNode>
               <ControlLinearNode>
                  <t>1.082000</t>
                  <value>30.595816</value>
               </ControlLinearNode>
               <ControlLinearNode>
                  <t>1.092000</t>
                  <value>30.457598</value>
               </ControlLinearNode>
               <ControlLinearNode>
                  <t>1.102000</t>
                  <value>30.088937</value>
               </ControlLinearNode>
               <ControlLinearNode>
                  <t>1.112000</t>
                  <value>29.456477</value>
               </ControlLinearNode>
               <ControlLinearNode>
                  <t>1.122000</t>
                  <value>28.528470</value>
               </ControlLinearNode>
               <ControlLinearNode>
                  <t>1.132000</t>
                  <value>27.251451</value>
               </ControlLinearNode>
               <ControlLinearNode>
                  <t>1.142000</t>
                  <value>25.592017</value>
               </ControlLinearNode>
               <ControlLinearNode>
                  <t>1.152000</t>
                  <value>23.700589</value>
               </ControlLinearNode>
               <ControlLinearNode>
                  <t>1.157300</t>
                  <value>22.750003</value>
               </ControlLinearNode>
            </x_nodes>
            <min_nodes>
               <ControlLinearNode>
                  <t>0.125000</t>
                  <value>-0.000000</value>
               </ControlLinearNode>
               <ControlLinearNode>
                  <t>0.135000</t>
                  <value>-0.000000</value>
               </ControlLinearNode>
               <ControlLinearNode>
                  <t>0.145000</t>
                  <value>-0.000000</value>
               </ControlLinearNode>
               <ControlLinearNode>
                  <t>0.155000</t>
                  <value>-0.000000</value>
               </ControlLinearNode>
               <ControlLinearNode>
                  <t>0.165000</t>
                  <value>-0.000000</value>
               </ControlLinearNode>
               <ControlLinearNode>
                  <t>0.175000</t>
                  <value>-0.000000</value>
               </ControlLinearNode>
               <ControlLinearNode>
                  <t>0.185000</t>
                  <value>-0.000000</value>
               </ControlLinearNode>
               <ControlLinearNode>
                  <t>0.195000</t>
                  <value>-0.000000</value>
               </ControlLinearNode>
               <ControlLinearNode>
                  <t>0.205000</t>
                  <value>-0.000000</value>
               </ControlLinearNode>
               <ControlLinearNode>
                  <t>0.215000</t>
                  <value>-0.000000</value>
               </ControlLinearNode>
               <ControlLinearNode>
                  <t>0.225000</t>
                  <value>-0.000000</value>
               </ControlLinearNode>
               <ControlLinearNode>
                  <t>0.235000</t>
                  <value>-0.000000</value>
               </ControlLinearNode>
               <ControlLinearNode>
                  <t>0.245000</t>
                  <value>-0.000000</value>
               </ControlLinearNode>
               <ControlLinearNode>
                  <t>0.255000</t>
                  <value>-0.000000</value>
               </ControlLinearNode>
               <ControlLinearNode>
                  <t>0.265000</t>
                  <value>-0.000000</value>
               </ControlLinearNode>
               <ControlLinearNode>
                  <t>0.275000</t>
                  <value>-0.000000</value>
               </ControlLinearNode>
               <ControlLinearNode>
                  <t>0.285000</t>
                  <value>-0.000000</value>
               </ControlLinearNode>
               <ControlLinearNode>
                  <t>0.295000</t>
                  <value>-0.000000</value>
               </ControlLinearNode>
               <ControlLinearNode>
                  <t>0.305000</t>
                  <value>-0.000000</value>
               </ControlLinearNode>
               <ControlLinearNode>
                  <t>0.315000</t>
                  <value>-0.000000</value>
               </ControlLinearNode>
               <ControlLinearNode>
                  <t>0.325000</t>
                  <value>-0.000000</value>
               </ControlLinearNode>
               <ControlLinearNode>
                  <t>0.335000</t>
                  <value>-0.000000</value>
               </ControlLinearNode>
               <ControlLinearNode>
                  <t>0.345000</t>
                  <value>-0.000000</value>
               </ControlLinearNode>
               <ControlLinearNode>
                  <t>0.355000</t>
                  <value>-0.000000</value>
               </ControlLinearNode>
               <ControlLinearNode>
                  <t>0.365000</t>
                  <value>-0.000000</value>
               </ControlLinearNode>
               <ControlLinearNode>
                  <t>0.375000</t>
                  <value>-0.000000</value>
               </ControlLinearNode>
               <ControlLinearNode>
                  <t>0.385000</t>
                  <value>-0.000000</value>
               </ControlLinearNode>
               <ControlLinearNode>
                  <t>0.395000</t>
                  <value>-0.000000</value>
               </ControlLinearNode>
               <ControlLinearNode>
                  <t>0.405000</t>
                  <value>-0.000000</value>
               </ControlLinearNode>
               <ControlLinearNode>
                  <t>0.415000</t>
                  <value>-0.000000</value>
               </ControlLinearNode>
               <ControlLinearNode>
                  <t>0.425000</t>
                  <value>-0.000000</value>
               </ControlLinearNode>
               <ControlLinearNode>
                  <t>0.435000</t>
                  <value>-0.000000</value>
               </ControlLinearNode>
               <ControlLinearNode>
                  <t>0.445000</t>
                  <value>-0.000000</value>
               </ControlLinearNode>
               <ControlLinearNode>
                  <t>0.455000</t>
                  <value>-0.000000</value>
               </ControlLinearNode>
               <ControlLinearNode>
                  <t>0.465000</t>
                  <value>-0.000000</value>
               </ControlLinearNode>
               <ControlLinearNode>
                  <t>0.475000</t>
                  <value>-0.000000</value>
               </ControlLinearNode>
               <ControlLinearNode>
                  <t>0.485000</t>
                  <value>-0.000000</value>
               </ControlLinearNode>
               <ControlLinearNode>
                  <t>0.495000</t>
                  <value>-0.000000</value>
               </ControlLinearNode>
               <ControlLinearNode>
                  <t>0.505000</t>
                  <value>-0.000000</value>
               </ControlLinearNode>
               <ControlLinearNode>
                  <t>0.515000</t>
                  <value>-0.000000</value>
               </ControlLinearNode>
               <ControlLinearNode>
                  <t>0.525000</t>
                  <value>-0.000000</value>
               </ControlLinearNode>
               <ControlLinearNode>
                  <t>0.535000</t>
                  <value>-0.000000</value>
               </ControlLinearNode>
               <ControlLinearNode>
                  <t>0.542000</t>
                  <value>-0.000000</value>
               </ControlLinearNode>
               <ControlLinearNode>
                  <t>0.542000</t>
                  <value>-0.000000</value>
               </ControlLinearNode>
               <ControlLinearNode>
                  <t>0.542000</t>
                  <value>-0.000000</value>
               </ControlLinearNode>
               <ControlLinearNode>
                  <t>0.552000</t>
                  <value>-0.241986</value>
               </ControlLinearNode>
               <ControlLinearNode>
                  <t>0.562000</t>
                  <value>-1.092926</value>
               </ControlLinearNode>
               <ControlLinearNode>
                  <t>0.572000</t>
                  <value>-1.799770</value>
               </ControlLinearNode>
               <ControlLinearNode>
                  <t>0.582000</t>
                  <value>-2.274243</value>
               </ControlLinearNode>
               <ControlLinearNode>
                  <t>0.592000</t>
                  <value>-2.397121</value>
               </ControlLinearNode>
               <ControlLinearNode>
                  <t>0.602000</t>
                  <value>-2.120217</value>
               </ControlLinearNode>
               <ControlLinearNode>
                  <t>0.612000</t>
                  <value>-1.631845</value>
               </ControlLinearNode>
               <ControlLinearNode>
                  <t>0.622000</t>
                  <value>-1.125041</value>
               </ControlLinearNode>
               <ControlLinearNode>
                  <t>0.632000</t>
                  <value>-0.631575</value>
               </ControlLinearNode>
               <ControlLinearNode>
                  <t>0.642000</t>
                  <value>-0.131172</value>
               </ControlLinearNode>
               <ControlLinearNode>
                  <t>0.652000</t>
                  <value>0.421673</value>
               </ControlLinearNode>
               <ControlLinearNode>
                  <t>0.662000</t>
                  <value>1.057544</value>
               </ControlLinearNode>
               <ControlLinearNode>
                  <t>0.672000</t>
                  <value>1.773786</value>
               </ControlLinearNode>
               <ControlLinearNode>
                  <t>0.682000</t>
                  <value>2.542216</value>
               </ControlLinearNode>
               <ControlLinearNode>
                  <t>0.692000</t>
                  <value>3.306912</value>
               </ControlLinearNode>
               <ControlLinearNode>
                  <t>0.702000</t>
                  <value>4.022295</value>
               </ControlLinearNode>
               <ControlLinearNode>
                  <t>0.712000</t>
                  <value>4.666843</value>
               </ControlLinearNode>
               <ControlLinearNode>
                  <t>0.722000</t>
                  <value>5.249846</value>
               </ControlLinearNode>
               <ControlLinearNode>
                  <t>0.732000</t>
                  <value>5.793579</value>
               </ControlLinearNode>
               <ControlLinearNode>
                  <t>0.742000</t>
                  <value>6.317815</value>
               </ControlLinearNode>
               <ControlLinearNode>
                  <t>0.752000</t>
                  <value>6.839751</value>
               </ControlLinearNode>
               <ControlLinearNode>
                  <t>0.762000</t>
                  <value>7.372491</value>
               </ControlLinearNode>
               <ControlLinearNode>
                  <t>0.772000</t>
                  <value>7.920931</value>
               </ControlLinearNode>
               <ControlLinearNode>
                  <t>0.782000</t>
                  <value>8.484171</value>
               </ControlLinearNode>
               <ControlLinearNode>
                  <t>0.792000</t>
                  <value>9.057137</value>
               </ControlLinearNode>
               <ControlLinearNode>
                  <t>0.802000</t>
                  <value>9.634245</value>
               </ControlLinearNode>
               <ControlLinearNode>
                  <t>0.812000</t>
                  <value>10.209404</value>
               </ControlLinearNode>
               <ControlLinearNode>
                  <t>0.822000</t>
                  <value>10.793474</value>
               </ControlLinearNode>
               <ControlLinearNode>
                  <t>0.832000</t>
                  <value>11.408628</value>
               </ControlLinearNode>
               <ControlLinearNode>
                  <t>0.842000</t>
                  <value>12.072963</value>
               </ControlLinearNode>
               <ControlLinearNode>
                  <t>0.852000</t>
                  <value>12.793606</value>
               </ControlLinearNode>
               <ControlLinearNode>
                  <t>0.862000</t>
                  <value>13.568842</value>
               </ControlLinearNode>
               <ControlLinearNode>
                  <t>0.872000</t>
                  <value>14.394387</value>
               </ControlLinearNode>
               <ControlLinearNode>
                  <t>0.882000</t>
                  <value>15.257189</value>
               </ControlLinearNode>
               <ControlLinearNode>
                  <t>0.892000</t>
                  <value>16.145173</value>
               </ControlLinearNode>
               <ControlLinearNode>
                  <t>0.902000</t>
                  <value>17.053080</value>
               </ControlLinearNode>
               <ControlLinearNode>
                  <t>0.912000</t>
                  <value>17.987357</value>
               </ControlLinearNode>
               <ControlLinearNode>
                  <t>0.922000</t>
                  <value>18.962730</value>
               </ControlLinearNode>
               <ControlLinearNode>
                  <t>0.932000</t>
                  <value>19.990460</value>
               </ControlLinearNode>
               <ControlLinearNode>
                  <t>0.942000</t>
                  <value>21.072652</value>
               </ControlLinearNode>
               <ControlLinearNode>
                  <t>0.952000</t>
                  <value>22.186287</value>
               </ControlLinearNode>
               <ControlLinearNode>
                  <t>0.962000</t>
                  <value>23.279911</value>
               </ControlLinearNode>
               <ControlLinearNode>
                  <t>0.972000</t>
                  <value>24.312061</value>
               </ControlLinearNode>
               <ControlLinearNode>
                  <t>0.982000</t>
                  <value>25.265873</value>
               </ControlLinearNode>
               <ControlLinearNode>
                  <t>0.992000</t>
                  <value>26.140058</value>
               </ControlLinearNode>
               <ControlLinearNode>
                  <t>1.002000</t>
                  <value>26.954839</value>
               </ControlLinearNode>
               <ControlLinearNode>
                  <t>1.012000</t>
                  <value>27.727919</value>
               </ControlLinearNode>
               <ControlLinearNode>
                  <t>1.022000</t>
                  <value>28.446629</value>
               </ControlLinearNode>
               <ControlLinearNode>
                  <t>1.032000</t>
                  <value>29.080647</value>
               </ControlLinearNode>
               <ControlLinearNode>
                  <t>1.042000</t>
                  <value>29.617029</value>
               </ControlLinearNode>
               <ControlLinearNode>
                  <t>1.052000</t>
                  <value>30.049162</value>
               </ControlLinearNode>
               <ControlLinearNode>
                  <t>1.062000</t>
                  <value>30.361828</value>
               </ControlLinearNode>
               <ControlLinearNode>
                  <t>1.072000</t>
                  <value>30.549373</value>
               </ControlLinearNode>
               <ControlLinearNode>
                  <t>1.082000</t>
                  <value>30.595816</value>
               </ControlLinearNode>
               <ControlLinearNode>
                  <t>1.092000</t>
                  <value>30.457598</value>
               </ControlLinearNode>
               <ControlLinearNode>
                  <t>1.102000</t>
                  <value>30.088937</value>
               </ControlLinearNode>
               <ControlLinearNode>
                  <t>1.112000</t>
                  <value>29.456477</value>
               </ControlLinearNode>
               <ControlLinearNode>
                  <t>1.122000</t>
                  <value>28.528470</value>
               </ControlLinearNode>
               <ControlLinearNode>
                  <t>1.132000</t>
                  <value>27.251451</value>
               </ControlLinearNode>
               <ControlLinearNode>
                  <t>1.142000</t>
                  <value>25.592017</value>
               </ControlLinearNode>
               <ControlLinearNode>
                  <t>1.152000</t>
                  <value>23.700589</value>
               </ControlLinearNode>
               <ControlLinearNode>
                  <t>1.157300</t>
                  <value>22.750003</value>
               </ControlLinearNode>
            </min_nodes>
            <max_nodes>
               <ControlLinearNode>
                  <t>0.125000</t>
                  <value>-0.000000</value>
               </ControlLinearNode>
               <ControlLinearNode>
                  <t>0.135000</t>
                  <value>-0.000000</value>
               </ControlLinearNode>
               <ControlLinearNode>
                  <t>0.145000</t>
                  <value>-0.000000</value>
               </ControlLinearNode>
               <ControlLinearNode>
                  <t>0.155000</t>
                  <value>-0.000000</value>
               </ControlLinearNode>
               <ControlLinearNode>
                  <t>0.165000</t>
                  <value>-0.000000</value>
               </ControlLinearNode>
               <ControlLinearNode>
                  <t>0.175000</t>
                  <value>-0.000000</value>
               </ControlLinearNode>
               <ControlLinearNode>
                  <t>0.185000</t>
                  <value>-0.000000</value>
               </ControlLinearNode>
               <ControlLinearNode>
                  <t>0.195000</t>
                  <value>-0.000000</value>
               </ControlLinearNode>
               <ControlLinearNode>
                  <t>0.205000</t>
                  <value>-0.000000</value>
               </ControlLinearNode>
               <ControlLinearNode>
                  <t>0.215000</t>
                  <value>-0.000000</value>
               </ControlLinearNode>
               <ControlLinearNode>
                  <t>0.225000</t>
                  <value>-0.000000</value>
               </ControlLinearNode>
               <ControlLinearNode>
                  <t>0.235000</t>
                  <value>-0.000000</value>
               </ControlLinearNode>
               <ControlLinearNode>
                  <t>0.245000</t>
                  <value>-0.000000</value>
               </ControlLinearNode>
               <ControlLinearNode>
                  <t>0.255000</t>
                  <value>-0.000000</value>
               </ControlLinearNode>
               <ControlLinearNode>
                  <t>0.265000</t>
                  <value>-0.000000</value>
               </ControlLinearNode>
               <ControlLinearNode>
                  <t>0.275000</t>
                  <value>-0.000000</value>
               </ControlLinearNode>
               <ControlLinearNode>
                  <t>0.285000</t>
                  <value>-0.000000</value>
               </ControlLinearNode>
               <ControlLinearNode>
                  <t>0.295000</t>
                  <value>-0.000000</value>
               </ControlLinearNode>
               <ControlLinearNode>
                  <t>0.305000</t>
                  <value>-0.000000</value>
               </ControlLinearNode>
               <ControlLinearNode>
                  <t>0.315000</t>
                  <value>-0.000000</value>
               </ControlLinearNode>
               <ControlLinearNode>
                  <t>0.325000</t>
                  <value>-0.000000</value>
               </ControlLinearNode>
               <ControlLinearNode>
                  <t>0.335000</t>
                  <value>-0.000000</value>
               </ControlLinearNode>
               <ControlLinearNode>
                  <t>0.345000</t>
                  <value>-0.000000</value>
               </ControlLinearNode>
               <ControlLinearNode>
                  <t>0.355000</t>
                  <value>-0.000000</value>
               </ControlLinearNode>
               <ControlLinearNode>
                  <t>0.365000</t>
                  <value>-0.000000</value>
               </ControlLinearNode>
               <ControlLinearNode>
                  <t>0.375000</t>
                  <value>-0.000000</value>
               </ControlLinearNode>
               <ControlLinearNode>
                  <t>0.385000</t>
                  <value>-0.000000</value>
               </ControlLinearNode>
               <ControlLinearNode>
                  <t>0.395000</t>
                  <value>-0.000000</value>
               </ControlLinearNode>
               <ControlLinearNode>
                  <t>0.405000</t>
                  <value>-0.000000</value>
               </ControlLinearNode>
               <ControlLinearNode>
                  <t>0.415000</t>
                  <value>-0.000000</value>
               </ControlLinearNode>
               <ControlLinearNode>
                  <t>0.425000</t>
                  <value>-0.000000</value>
               </ControlLinearNode>
               <ControlLinearNode>
                  <t>0.435000</t>
                  <value>-0.000000</value>
               </ControlLinearNode>
               <ControlLinearNode>
                  <t>0.445000</t>
                  <value>-0.000000</value>
               </ControlLinearNode>
               <ControlLinearNode>
                  <t>0.455000</t>
                  <value>-0.000000</value>
               </ControlLinearNode>
               <ControlLinearNode>
                  <t>0.465000</t>
                  <value>-0.000000</value>
               </ControlLinearNode>
               <ControlLinearNode>
                  <t>0.475000</t>
                  <value>-0.000000</value>
               </ControlLinearNode>
               <ControlLinearNode>
                  <t>0.485000</t>
                  <value>-0.000000</value>
               </ControlLinearNode>
               <ControlLinearNode>
                  <t>0.495000</t>
                  <value>-0.000000</value>
               </ControlLinearNode>
               <ControlLinearNode>
                  <t>0.505000</t>
                  <value>-0.000000</value>
               </ControlLinearNode>
               <ControlLinearNode>
                  <t>0.515000</t>
                  <value>-0.000000</value>
               </ControlLinearNode>
               <ControlLinearNode>
                  <t>0.525000</t>
                  <value>-0.000000</value>
               </ControlLinearNode>
               <ControlLinearNode>
                  <t>0.535000</t>
                  <value>-0.000000</value>
               </ControlLinearNode>
               <ControlLinearNode>
                  <t>0.542000</t>
                  <value>-0.000000</value>
               </ControlLinearNode>
               <ControlLinearNode>
                  <t>0.542000</t>
                  <value>-0.000000</value>
               </ControlLinearNode>
               <ControlLinearNode>
                  <t>0.542000</t>
                  <value>-0.000000</value>
               </ControlLinearNode>
               <ControlLinearNode>
                  <t>0.552000</t>
                  <value>-0.241986</value>
               </ControlLinearNode>
               <ControlLinearNode>
                  <t>0.562000</t>
                  <value>-1.092926</value>
               </ControlLinearNode>
               <ControlLinearNode>
                  <t>0.572000</t>
                  <value>-1.799770</value>
               </ControlLinearNode>
               <ControlLinearNode>
                  <t>0.582000</t>
                  <value>-2.274243</value>
               </ControlLinearNode>
               <ControlLinearNode>
                  <t>0.592000</t>
                  <value>-2.397121</value>
               </ControlLinearNode>
               <ControlLinearNode>
                  <t>0.602000</t>
                  <value>-2.120217</value>
               </ControlLinearNode>
               <ControlLinearNode>
                  <t>0.612000</t>
                  <value>-1.631845</value>
               </ControlLinearNode>
               <ControlLinearNode>
                  <t>0.622000</t>
                  <value>-1.125041</value>
               </ControlLinearNode>
               <ControlLinearNode>
                  <t>0.632000</t>
                  <value>-0.631575</value>
               </ControlLinearNode>
               <ControlLinearNode>
                  <t>0.642000</t>
                  <value>-0.131172</value>
               </ControlLinearNode>
               <ControlLinearNode>
                  <t>0.652000</t>
                  <value>0.421673</value>
               </ControlLinearNode>
               <ControlLinearNode>
                  <t>0.662000</t>
                  <value>1.057544</value>
               </ControlLinearNode>
               <ControlLinearNode>
                  <t>0.672000</t>
                  <value>1.773786</value>
               </ControlLinearNode>
               <ControlLinearNode>
                  <t>0.682000</t>
                  <value>2.542216</value>
               </ControlLinearNode>
               <ControlLinearNode>
                  <t>0.692000</t>
                  <value>3.306912</value>
               </ControlLinearNode>
               <ControlLinearNode>
                  <t>0.702000</t>
                  <value>4.022295</value>
               </ControlLinearNode>
               <ControlLinearNode>
                  <t>0.712000</t>
                  <value>4.666843</value>
               </ControlLinearNode>
               <ControlLinearNode>
                  <t>0.722000</t>
                  <value>5.249846</value>
               </ControlLinearNode>
               <ControlLinearNode>
                  <t>0.732000</t>
                  <value>5.793579</value>
               </ControlLinearNode>
               <ControlLinearNode>
                  <t>0.742000</t>
                  <value>6.317815</value>
               </ControlLinearNode>
               <ControlLinearNode>
                  <t>0.752000</t>
                  <value>6.839751</value>
               </ControlLinearNode>
               <ControlLinearNode>
                  <t>0.762000</t>
                  <value>7.372491</value>
               </ControlLinearNode>
               <ControlLinearNode>
                  <t>0.772000</t>
                  <value>7.920931</value>
               </ControlLinearNode>
               <ControlLinearNode>
                  <t>0.782000</t>
                  <value>8.484171</value>
               </ControlLinearNode>
               <ControlLinearNode>
                  <t>0.792000</t>
                  <value>9.057137</value>
               </ControlLinearNode>
               <ControlLinearNode>
                  <t>0.802000</t>
                  <value>9.634245</value>
               </ControlLinearNode>
               <ControlLinearNode>
                  <t>0.812000</t>
                  <value>10.209404</value>
               </ControlLinearNode>
               <ControlLinearNode>
                  <t>0.822000</t>
                  <value>10.793474</value>
               </ControlLinearNode>
               <ControlLinearNode>
                  <t>0.832000</t>
                  <value>11.408628</value>
               </ControlLinearNode>
               <ControlLinearNode>
                  <t>0.842000</t>
                  <value>12.072963</value>
               </ControlLinearNode>
               <ControlLinearNode>
                  <t>0.852000</t>
                  <value>12.793606</value>
               </ControlLinearNode>
               <ControlLinearNode>
                  <t>0.862000</t>
                  <value>13.568842</value>
               </ControlLinearNode>
               <ControlLinearNode>
                  <t>0.872000</t>
                  <value>14.394387</value>
               </ControlLinearNode>
               <ControlLinearNode>
                  <t>0.882000</t>
                  <value>15.257189</value>
               </ControlLinearNode>
               <ControlLinearNode>
                  <t>0.892000</t>
                  <value>16.145173</value>
               </ControlLinearNode>
               <ControlLinearNode>
                  <t>0.902000</t>
                  <value>17.053080</value>
               </ControlLinearNode>
               <ControlLinearNode>
                  <t>0.912000</t>
                  <value>17.987357</value>
               </ControlLinearNode>
               <ControlLinearNode>
                  <t>0.922000</t>
                  <value>18.962730</value>
               </ControlLinearNode>
               <ControlLinearNode>
                  <t>0.932000</t>
                  <value>19.990460</value>
               </ControlLinearNode>
               <ControlLinearNode>
                  <t>0.942000</t>
                  <value>21.072652</value>
               </ControlLinearNode>
               <ControlLinearNode>
                  <t>0.952000</t>
                  <value>22.186287</value>
               </ControlLinearNode>
               <ControlLinearNode>
                  <t>0.962000</t>
                  <value>23.279911</value>
               </ControlLinearNode>
               <ControlLinearNode>
                  <t>0.972000</t>
                  <value>24.312061</value>
               </ControlLinearNode>
               <ControlLinearNode>
                  <t>0.982000</t>
                  <value>25.265873</value>
               </ControlLinearNode>
               <ControlLinearNode>
                  <t>0.992000</t>
                  <value>26.140058</value>
               </ControlLinearNode>
               <ControlLinearNode>
                  <t>1.002000</t>
                  <value>26.954839</value>
               </ControlLinearNode>
               <ControlLinearNode>
                  <t>1.012000</t>
                  <value>27.727919</value>
               </ControlLinearNode>
               <ControlLinearNode>
                  <t>1.022000</t>
                  <value>28.446629</value>
               </ControlLinearNode>
               <ControlLinearNode>
                  <t>1.032000</t>
                  <value>29.080647</value>
               </ControlLinearNode>
               <ControlLinearNode>
                  <t>1.042000</t>
                  <value>29.617029</value>
               </ControlLinearNode>
               <ControlLinearNode>
                  <t>1.052000</t>
                  <value>30.049162</value>
               </ControlLinearNode>
               <ControlLinearNode>
                  <t>1.062000</t>
                  <value>30.361828</value>
               </ControlLinearNode>
               <ControlLinearNode>
                  <t>1.072000</t>
                  <value>30.549373</value>
               </ControlLinearNode>
               <ControlLinearNode>
                  <t>1.082000</t>
                  <value>30.595816</value>
               </ControlLinearNode>
               <ControlLinearNode>
                  <t>1.092000</t>
                  <value>30.457598</value>
               </ControlLinearNode>
               <ControlLinearNode>
                  <t>1.102000</t>
                  <value>30.088937</value>
               </ControlLinearNode>
               <ControlLinearNode>
                  <t>1.112000</t>
                  <value>29.456477</value>
               </ControlLinearNode>
               <ControlLinearNode>
                  <t>1.122000</t>
                  <value>28.528470</value>
               </ControlLinearNode>
               <ControlLinearNode>
                  <t>1.132000</t>
                  <value>27.251451</value>
               </ControlLinearNode>
               <ControlLinearNode>
                  <t>1.142000</t>
                  <value>25.592017</value>
               </ControlLinearNode>
               <ControlLinearNode>
                  <t>1.152000</t>
                  <value>23.700589</value>
               </ControlLinearNode>
               <ControlLinearNode>
                  <t>1.157300</t>
                  <value>22.750003</value>
               </ControlLinearNode>
            </max_nodes>
            <kp>100</kp>
            <kv>100</kv>
         </ControlLinear>
		 <ControlLinear name="lAFO_torq_gen.excitation">
            <is_model_control>true</is_model_control>
            <extrapolate>false</extrapolate>
            <default_min>-4</default_min>
            <default_max>31</default_max>
            <filter_on>true</filter_on>
            <use_steps>false</use_steps>
            <x_nodes>
               <ControlLinearNode>
                  <t>0.125000</t>
                  <value>-5.292007</value>
               </ControlLinearNode>
               <ControlLinearNode>
                  <t>0.135000</t>
                  <value>-4.860753</value>
               </ControlLinearNode>
               <ControlLinearNode>
                  <t>0.145000</t>
                  <value>-4.430991</value>
               </ControlLinearNode>
               <ControlLinearNode>
                  <t>0.155000</t>
                  <value>-4.003959</value>
               </ControlLinearNode>
               <ControlLinearNode>
                  <t>0.165000</t>
                  <value>-3.580450</value>
               </ControlLinearNode>
               <ControlLinearNode>
                  <t>0.175000</t>
                  <value>-3.160730</value>
               </ControlLinearNode>
               <ControlLinearNode>
                  <t>0.185000</t>
                  <value>-2.744574</value>
               </ControlLinearNode>
               <ControlLinearNode>
                  <t>0.195000</t>
                  <value>-2.331358</value>
               </ControlLinearNode>
               <ControlLinearNode>
                  <t>0.205000</t>
                  <value>-1.920191</value>
               </ControlLinearNode>
               <ControlLinearNode>
                  <t>0.214184</t>
                  <value>-0.000000</value>
               </ControlLinearNode>
               <ControlLinearNode>
                  <t>0.214184</t>
                  <value>0.000000</value>
               </ControlLinearNode>
               <ControlLinearNode>
                  <t>0.224184</t>
                  <value>0.552928</value>
               </ControlLinearNode>
               <ControlLinearNode>
                  <t>0.234184</t>
                  <value>1.200457</value>
               </ControlLinearNode>
               <ControlLinearNode>
                  <t>0.244184</t>
                  <value>1.932451</value>
               </ControlLinearNode>
               <ControlLinearNode>
                  <t>0.254184</t>
                  <value>2.729895</value>
               </ControlLinearNode>
               <ControlLinearNode>
                  <t>0.264184</t>
                  <value>3.569812</value>
               </ControlLinearNode>
               <ControlLinearNode>
                  <t>0.274184</t>
                  <value>4.427543</value>
               </ControlLinearNode>
               <ControlLinearNode>
                  <t>0.284184</t>
                  <value>5.286930</value>
               </ControlLinearNode>
               <ControlLinearNode>
                  <t>0.294184</t>
                  <value>6.151698</value>
               </ControlLinearNode>
               <ControlLinearNode>
                  <t>0.304184</t>
                  <value>7.022142</value>
               </ControlLinearNode>
               <ControlLinearNode>
                  <t>0.314184</t>
                  <value>7.884125</value>
               </ControlLinearNode>
               <ControlLinearNode>
                  <t>0.324184</t>
                  <value>8.729482</value>
               </ControlLinearNode>
               <ControlLinearNode>
                  <t>0.334184</t>
                  <value>9.559128</value>
               </ControlLinearNode>
               <ControlLinearNode>
                  <t>0.344184</t>
                  <value>10.376645</value>
               </ControlLinearNode>
               <ControlLinearNode>
                  <t>0.354184</t>
                  <value>11.201016</value>
               </ControlLinearNode>
               <ControlLinearNode>
                  <t>0.364184</t>
                  <value>12.076651</value>
               </ControlLinearNode>
               <ControlLinearNode>
                  <t>0.374184</t>
                  <value>13.051647</value>
               </ControlLinearNode>
               <ControlLinearNode>
                  <t>0.384184</t>
                  <value>14.140288</value>
               </ControlLinearNode>
               <ControlLinearNode>
                  <t>0.394184</t>
                  <value>15.315188</value>
               </ControlLinearNode>
               <ControlLinearNode>
                  <t>0.404184</t>
                  <value>16.535686</value>
               </ControlLinearNode>
               <ControlLinearNode>
                  <t>0.414184</t>
                  <value>17.764703</value>
               </ControlLinearNode>
               <ControlLinearNode>
                  <t>0.424184</t>
                  <value>18.989766</value>
               </ControlLinearNode>
               <ControlLinearNode>
                  <t>0.434184</t>
                  <value>20.219327</value>
               </ControlLinearNode>
               <ControlLinearNode>
                  <t>0.444184</t>
                  <value>21.450869</value>
               </ControlLinearNode>
               <ControlLinearNode>
                  <t>0.454184</t>
                  <value>22.652200</value>
               </ControlLinearNode>
               <ControlLinearNode>
                  <t>0.464184</t>
                  <value>23.796795</value>
               </ControlLinearNode>
               <ControlLinearNode>
                  <t>0.474184</t>
                  <value>24.876501</value>
               </ControlLinearNode>
               <ControlLinearNode>
                  <t>0.484184</t>
                  <value>25.881253</value>
               </ControlLinearNode>
               <ControlLinearNode>
                  <t>0.494184</t>
                  <value>26.786409</value>
               </ControlLinearNode>
               <ControlLinearNode>
                  <t>0.504184</t>
                  <value>27.546498</value>
               </ControlLinearNode>
               <ControlLinearNode>
                  <t>0.514184</t>
                  <value>28.101359</value>
               </ControlLinearNode>
               <ControlLinearNode>
                  <t>0.524184</t>
                  <value>28.397266</value>
               </ControlLinearNode>
               <ControlLinearNode>
                  <t>0.534184</t>
                  <value>28.407076</value>
               </ControlLinearNode>
               <ControlLinearNode>
                  <t>0.544184</t>
                  <value>28.117252</value>
               </ControlLinearNode>
               <ControlLinearNode>
                  <t>0.554184</t>
                  <value>27.485386</value>
               </ControlLinearNode>
               <ControlLinearNode>
                  <t>0.564184</t>
                  <value>26.457543</value>
               </ControlLinearNode>
               <ControlLinearNode>
                  <t>0.574184</t>
                  <value>24.985102</value>
               </ControlLinearNode>
               <ControlLinearNode>
                  <t>0.584184</t>
                  <value>23.066495</value>
               </ControlLinearNode>
               <ControlLinearNode>
                  <t>0.594184</t>
                  <value>20.736460</value>
               </ControlLinearNode>
               <ControlLinearNode>
                  <t>0.604184</t>
                  <value>18.038737</value>
               </ControlLinearNode>
               <ControlLinearNode>
                  <t>0.614184</t>
                  <value>15.011937</value>
               </ControlLinearNode>
               <ControlLinearNode>
                  <t>0.624184</t>
                  <value>11.717823</value>
               </ControlLinearNode>
               <ControlLinearNode>
                  <t>0.634184</t>
                  <value>8.311318</value>
               </ControlLinearNode>
               <ControlLinearNode>
                  <t>0.644184</t>
                  <value>5.088644</value>
               </ControlLinearNode>
               <ControlLinearNode>
                  <t>0.654184</t>
                  <value>2.432421</value>
               </ControlLinearNode>
               <ControlLinearNode>
                  <t>0.664184</t>
                  <value>-0.000000</value>
               </ControlLinearNode>
               <ControlLinearNode>
                  <t>0.669391</t>
                  <value>-0.000000</value>
               </ControlLinearNode>
               <ControlLinearNode>
                  <t>0.669391</t>
                  <value>-0.000000</value>
               </ControlLinearNode>
               <ControlLinearNode>
                  <t>0.679391</t>
                  <value>-0.000000</value>
               </ControlLinearNode>
               <ControlLinearNode>
                  <t>0.689391</t>
                  <value>-0.000000</value>
               </ControlLinearNode>
               <ControlLinearNode>
                  <t>0.699391</t>
                  <value>-0.000000</value>
               </ControlLinearNode>
               <ControlLinearNode>
                  <t>0.709391</t>
                  <value>-0.000000</value>
               </ControlLinearNode>
               <ControlLinearNode>
                  <t>0.719391</t>
                  <value>-0.000000</value>
               </ControlLinearNode>
               <ControlLinearNode>
                  <t>0.729391</t>
                  <value>-0.000000</value>
               </ControlLinearNode>
               <ControlLinearNode>
                  <t>0.739391</t>
                  <value>-0.000000</value>
               </ControlLinearNode>
               <ControlLinearNode>
                  <t>0.749391</t>
                  <value>-0.000000</value>
               </ControlLinearNode>
               <ControlLinearNode>
                  <t>0.759391</t>
                  <value>-0.000000</value>
               </ControlLinearNode>
               <ControlLinearNode>
                  <t>0.769391</t>
                  <value>-0.000000</value>
               </ControlLinearNode>
               <ControlLinearNode>
                  <t>0.779391</t>
                  <value>-0.000000</value>
               </ControlLinearNode>
               <ControlLinearNode>
                  <t>0.789391</t>
                  <value>-0.000000</value>
               </ControlLinearNode>
               <ControlLinearNode>
                  <t>0.799391</t>
                  <value>-0.000000</value>
               </ControlLinearNode>
               <ControlLinearNode>
                  <t>0.809391</t>
                  <value>-0.000000</value>
               </ControlLinearNode>
               <ControlLinearNode>
                  <t>0.819391</t>
                  <value>-0.000000</value>
               </ControlLinearNode>
               <ControlLinearNode>
                  <t>0.829391</t>
                  <value>-0.000000</value>
               </ControlLinearNode>
               <ControlLinearNode>
                  <t>0.839391</t>
                  <value>-0.000000</value>
               </ControlLinearNode>
               <ControlLinearNode>
                  <t>0.849391</t>
                  <value>-0.000000</value>
               </ControlLinearNode>
               <ControlLinearNode>
                  <t>0.859391</t>
                  <value>-0.000000</value>
               </ControlLinearNode>
               <ControlLinearNode>
                  <t>0.869391</t>
                  <value>-0.000000</value>
               </ControlLinearNode>
               <ControlLinearNode>
                  <t>0.879391</t>
                  <value>-0.000000</value>
               </ControlLinearNode>
               <ControlLinearNode>
                  <t>0.889391</t>
                  <value>-0.000000</value>
               </ControlLinearNode>
               <ControlLinearNode>
                  <t>0.899391</t>
                  <value>-0.000000</value>
               </ControlLinearNode>
               <ControlLinearNode>
                  <t>0.909391</t>
                  <value>-0.000000</value>
               </ControlLinearNode>
               <ControlLinearNode>
                  <t>0.919391</t>
                  <value>-0.000000</value>
               </ControlLinearNode>
               <ControlLinearNode>
                  <t>0.929391</t>
                  <value>-0.000000</value>
               </ControlLinearNode>
               <ControlLinearNode>
                  <t>0.939391</t>
                  <value>-0.000000</value>
               </ControlLinearNode>
               <ControlLinearNode>
                  <t>0.949391</t>
                  <value>-0.000000</value>
               </ControlLinearNode>
               <ControlLinearNode>
                  <t>0.959391</t>
                  <value>-0.000000</value>
               </ControlLinearNode>
               <ControlLinearNode>
                  <t>0.969391</t>
                  <value>-0.000000</value>
               </ControlLinearNode>
               <ControlLinearNode>
                  <t>0.979391</t>
                  <value>-0.000000</value>
               </ControlLinearNode>
               <ControlLinearNode>
                  <t>0.989391</t>
                  <value>-0.000000</value>
               </ControlLinearNode>
               <ControlLinearNode>
                  <t>0.999391</t>
                  <value>-0.000000</value>
               </ControlLinearNode>
               <ControlLinearNode>
                  <t>1.009391</t>
                  <value>-0.000000</value>
               </ControlLinearNode>
               <ControlLinearNode>
                  <t>1.019391</t>
                  <value>-0.000000</value>
               </ControlLinearNode>
               <ControlLinearNode>
                  <t>1.029391</t>
                  <value>-0.000000</value>
               </ControlLinearNode>
               <ControlLinearNode>
                  <t>1.039391</t>
                  <value>-0.000000</value>
               </ControlLinearNode>
               <ControlLinearNode>
                  <t>1.047821</t>
                  <value>-0.000000</value>
               </ControlLinearNode>
               <ControlLinearNode>
                  <t>1.047821</t>
                  <value>-0.000000</value>
               </ControlLinearNode>
               <ControlLinearNode>
                  <t>1.057821</t>
                  <value>-0.000000</value>
               </ControlLinearNode>
               <ControlLinearNode>
                  <t>1.067821</t>
                  <value>-0.000000</value>
               </ControlLinearNode>
               <ControlLinearNode>
                  <t>1.077821</t>
                  <value>-0.000000</value>
               </ControlLinearNode>
               <ControlLinearNode>
                  <t>1.087821</t>
                  <value>-0.000000</value>
               </ControlLinearNode>
               <ControlLinearNode>
                  <t>1.097821</t>
                  <value>-0.293145</value>
               </ControlLinearNode>
               <ControlLinearNode>
                  <t>1.107821</t>
                  <value>0.058917</value>
               </ControlLinearNode>
               <ControlLinearNode>
                  <t>1.117821</t>
                  <value>0.016417</value>
               </ControlLinearNode>
               <ControlLinearNode>
                  <t>1.121016</t>
                  <value>0.000000</value>
               </ControlLinearNode>
               <ControlLinearNode>
                  <t>1.121016</t>
                  <value>-0.000000</value>
               </ControlLinearNode>
               <ControlLinearNode>
                  <t>1.131016</t>
                  <value>-0.058838</value>
               </ControlLinearNode>
               <ControlLinearNode>
                  <t>1.141016</t>
                  <value>-0.126214</value>
               </ControlLinearNode>
               <ControlLinearNode>
                  <t>1.151016</t>
                  <value>-0.199099</value>
               </ControlLinearNode>
               <ControlLinearNode>
                  <t>1.157300</t>
                  <value>-0.247341</value>
               </ControlLinearNode>
            </x_nodes>
            <min_nodes>
               <ControlLinearNode>
                  <t>0.125000</t>
                  <value>-5.292007</value>
               </ControlLinearNode>
               <ControlLinearNode>
                  <t>0.135000</t>
                  <value>-4.860753</value>
               </ControlLinearNode>
               <ControlLinearNode>
                  <t>0.145000</t>
                  <value>-4.430991</value>
               </ControlLinearNode>
               <ControlLinearNode>
                  <t>0.155000</t>
                  <value>-4.003959</value>
               </ControlLinearNode>
               <ControlLinearNode>
                  <t>0.165000</t>
                  <value>-3.580450</value>
               </ControlLinearNode>
               <ControlLinearNode>
                  <t>0.175000</t>
                  <value>-3.160730</value>
               </ControlLinearNode>
               <ControlLinearNode>
                  <t>0.185000</t>
                  <value>-2.744574</value>
               </ControlLinearNode>
               <ControlLinearNode>
                  <t>0.195000</t>
                  <value>-2.331358</value>
               </ControlLinearNode>
               <ControlLinearNode>
                  <t>0.205000</t>
                  <value>-1.920191</value>
               </ControlLinearNode>
               <ControlLinearNode>
                  <t>0.214184</t>
                  <value>-0.000000</value>
               </ControlLinearNode>
               <ControlLinearNode>
                  <t>0.214184</t>
                  <value>0.000000</value>
               </ControlLinearNode>
               <ControlLinearNode>
                  <t>0.224184</t>
                  <value>0.552928</value>
               </ControlLinearNode>
               <ControlLinearNode>
                  <t>0.234184</t>
                  <value>1.200457</value>
               </ControlLinearNode>
               <ControlLinearNode>
                  <t>0.244184</t>
                  <value>1.932451</value>
               </ControlLinearNode>
               <ControlLinearNode>
                  <t>0.254184</t>
                  <value>2.729895</value>
               </ControlLinearNode>
               <ControlLinearNode>
                  <t>0.264184</t>
                  <value>3.569812</value>
               </ControlLinearNode>
               <ControlLinearNode>
                  <t>0.274184</t>
                  <value>4.427543</value>
               </ControlLinearNode>
               <ControlLinearNode>
                  <t>0.284184</t>
                  <value>5.286930</value>
               </ControlLinearNode>
               <ControlLinearNode>
                  <t>0.294184</t>
                  <value>6.151698</value>
               </ControlLinearNode>
               <ControlLinearNode>
                  <t>0.304184</t>
                  <value>7.022142</value>
               </ControlLinearNode>
               <ControlLinearNode>
                  <t>0.314184</t>
                  <value>7.884125</value>
               </ControlLinearNode>
               <ControlLinearNode>
                  <t>0.324184</t>
                  <value>8.729482</value>
               </ControlLinearNode>
               <ControlLinearNode>
                  <t>0.334184</t>
                  <value>9.559128</value>
               </ControlLinearNode>
               <ControlLinearNode>
                  <t>0.344184</t>
                  <value>10.376645</value>
               </ControlLinearNode>
               <ControlLinearNode>
                  <t>0.354184</t>
                  <value>11.201016</value>
               </ControlLinearNode>
               <ControlLinearNode>
                  <t>0.364184</t>
                  <value>12.076651</value>
               </ControlLinearNode>
               <ControlLinearNode>
                  <t>0.374184</t>
                  <value>13.051647</value>
               </ControlLinearNode>
               <ControlLinearNode>
                  <t>0.384184</t>
                  <value>14.140288</value>
               </ControlLinearNode>
               <ControlLinearNode>
                  <t>0.394184</t>
                  <value>15.315188</value>
               </ControlLinearNode>
               <ControlLinearNode>
                  <t>0.404184</t>
                  <value>16.535686</value>
               </ControlLinearNode>
               <ControlLinearNode>
                  <t>0.414184</t>
                  <value>17.764703</value>
               </ControlLinearNode>
               <ControlLinearNode>
                  <t>0.424184</t>
                  <value>18.989766</value>
               </ControlLinearNode>
               <ControlLinearNode>
                  <t>0.434184</t>
                  <value>20.219327</value>
               </ControlLinearNode>
               <ControlLinearNode>
                  <t>0.444184</t>
                  <value>21.450869</value>
               </ControlLinearNode>
               <ControlLinearNode>
                  <t>0.454184</t>
                  <value>22.652200</value>
               </ControlLinearNode>
               <ControlLinearNode>
                  <t>0.464184</t>
                  <value>23.796795</value>
               </ControlLinearNode>
               <ControlLinearNode>
                  <t>0.474184</t>
                  <value>24.876501</value>
               </ControlLinearNode>
               <ControlLinearNode>
                  <t>0.484184</t>
                  <value>25.881253</value>
               </ControlLinearNode>
               <ControlLinearNode>
                  <t>0.494184</t>
                  <value>26.786409</value>
               </ControlLinearNode>
               <ControlLinearNode>
                  <t>0.504184</t>
                  <value>27.546498</value>
               </ControlLinearNode>
               <ControlLinearNode>
                  <t>0.514184</t>
                  <value>28.101359</value>
               </ControlLinearNode>
               <ControlLinearNode>
                  <t>0.524184</t>
                  <value>28.397266</value>
               </ControlLinearNode>
               <ControlLinearNode>
                  <t>0.534184</t>
                  <value>28.407076</value>
               </ControlLinearNode>
               <ControlLinearNode>
                  <t>0.544184</t>
                  <value>28.117252</value>
               </ControlLinearNode>
               <ControlLinearNode>
                  <t>0.554184</t>
                  <value>27.485386</value>
               </ControlLinearNode>
               <ControlLinearNode>
                  <t>0.564184</t>
                  <value>26.457543</value>
               </ControlLinearNode>
               <ControlLinearNode>
                  <t>0.574184</t>
                  <value>24.985102</value>
               </ControlLinearNode>
               <ControlLinearNode>
                  <t>0.584184</t>
                  <value>23.066495</value>
               </ControlLinearNode>
               <ControlLinearNode>
                  <t>0.594184</t>
                  <value>20.736460</value>
               </ControlLinearNode>
               <ControlLinearNode>
                  <t>0.604184</t>
                  <value>18.038737</value>
               </ControlLinearNode>
               <ControlLinearNode>
                  <t>0.614184</t>
                  <value>15.011937</value>
               </ControlLinearNode>
               <ControlLinearNode>
                  <t>0.624184</t>
                  <value>11.717823</value>
               </ControlLinearNode>
               <ControlLinearNode>
                  <t>0.634184</t>
                  <value>8.311318</value>
               </ControlLinearNode>
               <ControlLinearNode>
                  <t>0.644184</t>
                  <value>5.088644</value>
               </ControlLinearNode>
               <ControlLinearNode>
                  <t>0.654184</t>
                  <value>2.432421</value>
               </ControlLinearNode>
               <ControlLinearNode>
                  <t>0.664184</t>
                  <value>-0.000000</value>
               </ControlLinearNode>
               <ControlLinearNode>
                  <t>0.669391</t>
                  <value>-0.000000</value>
               </ControlLinearNode>
               <ControlLinearNode>
                  <t>0.669391</t>
                  <value>-0.000000</value>
               </ControlLinearNode>
               <ControlLinearNode>
                  <t>0.679391</t>
                  <value>-0.000000</value>
               </ControlLinearNode>
               <ControlLinearNode>
                  <t>0.689391</t>
                  <value>-0.000000</value>
               </ControlLinearNode>
               <ControlLinearNode>
                  <t>0.699391</t>
                  <value>-0.000000</value>
               </ControlLinearNode>
               <ControlLinearNode>
                  <t>0.709391</t>
                  <value>-0.000000</value>
               </ControlLinearNode>
               <ControlLinearNode>
                  <t>0.719391</t>
                  <value>-0.000000</value>
               </ControlLinearNode>
               <ControlLinearNode>
                  <t>0.729391</t>
                  <value>-0.000000</value>
               </ControlLinearNode>
               <ControlLinearNode>
                  <t>0.739391</t>
                  <value>-0.000000</value>
               </ControlLinearNode>
               <ControlLinearNode>
                  <t>0.749391</t>
                  <value>-0.000000</value>
               </ControlLinearNode>
               <ControlLinearNode>
                  <t>0.759391</t>
                  <value>-0.000000</value>
               </ControlLinearNode>
               <ControlLinearNode>
                  <t>0.769391</t>
                  <value>-0.000000</value>
               </ControlLinearNode>
               <ControlLinearNode>
                  <t>0.779391</t>
                  <value>-0.000000</value>
               </ControlLinearNode>
               <ControlLinearNode>
                  <t>0.789391</t>
                  <value>-0.000000</value>
               </ControlLinearNode>
               <ControlLinearNode>
                  <t>0.799391</t>
                  <value>-0.000000</value>
               </ControlLinearNode>
               <ControlLinearNode>
                  <t>0.809391</t>
                  <value>-0.000000</value>
               </ControlLinearNode>
               <ControlLinearNode>
                  <t>0.819391</t>
                  <value>-0.000000</value>
               </ControlLinearNode>
               <ControlLinearNode>
                  <t>0.829391</t>
                  <value>-0.000000</value>
               </ControlLinearNode>
               <ControlLinearNode>
                  <t>0.839391</t>
                  <value>-0.000000</value>
               </ControlLinearNode>
               <ControlLinearNode>
                  <t>0.849391</t>
                  <value>-0.000000</value>
               </ControlLinearNode>
               <ControlLinearNode>
                  <t>0.859391</t>
                  <value>-0.000000</value>
               </ControlLinearNode>
               <ControlLinearNode>
                  <t>0.869391</t>
                  <value>-0.000000</value>
               </ControlLinearNode>
               <ControlLinearNode>
                  <t>0.879391</t>
                  <value>-0.000000</value>
               </ControlLinearNode>
               <ControlLinearNode>
                  <t>0.889391</t>
                  <value>-0.000000</value>
               </ControlLinearNode>
               <ControlLinearNode>
                  <t>0.899391</t>
                  <value>-0.000000</value>
               </ControlLinearNode>
               <ControlLinearNode>
                  <t>0.909391</t>
                  <value>-0.000000</value>
               </ControlLinearNode>
               <ControlLinearNode>
                  <t>0.919391</t>
                  <value>-0.000000</value>
               </ControlLinearNode>
               <ControlLinearNode>
                  <t>0.929391</t>
                  <value>-0.000000</value>
               </ControlLinearNode>
               <ControlLinearNode>
                  <t>0.939391</t>
                  <value>-0.000000</value>
               </ControlLinearNode>
               <ControlLinearNode>
                  <t>0.949391</t>
                  <value>-0.000000</value>
               </ControlLinearNode>
               <ControlLinearNode>
                  <t>0.959391</t>
                  <value>-0.000000</value>
               </ControlLinearNode>
               <ControlLinearNode>
                  <t>0.969391</t>
                  <value>-0.000000</value>
               </ControlLinearNode>
               <ControlLinearNode>
                  <t>0.979391</t>
                  <value>-0.000000</value>
               </ControlLinearNode>
               <ControlLinearNode>
                  <t>0.989391</t>
                  <value>-0.000000</value>
               </ControlLinearNode>
               <ControlLinearNode>
                  <t>0.999391</t>
                  <value>-0.000000</value>
               </ControlLinearNode>
               <ControlLinearNode>
                  <t>1.009391</t>
                  <value>-0.000000</value>
               </ControlLinearNode>
               <ControlLinearNode>
                  <t>1.019391</t>
                  <value>-0.000000</value>
               </ControlLinearNode>
               <ControlLinearNode>
                  <t>1.029391</t>
                  <value>-0.000000</value>
               </ControlLinearNode>
               <ControlLinearNode>
                  <t>1.039391</t>
                  <value>-0.000000</value>
               </ControlLinearNode>
               <ControlLinearNode>
                  <t>1.047821</t>
                  <value>-0.000000</value>
               </ControlLinearNode>
               <ControlLinearNode>
                  <t>1.047821</t>
                  <value>-0.000000</value>
               </ControlLinearNode>
               <ControlLinearNode>
                  <t>1.057821</t>
                  <value>-0.000000</value>
               </ControlLinearNode>
               <ControlLinearNode>
                  <t>1.067821</t>
                  <value>-0.000000</value>
               </ControlLinearNode>
               <ControlLinearNode>
                  <t>1.077821</t>
                  <value>-0.000000</value>
               </ControlLinearNode>
               <ControlLinearNode>
                  <t>1.087821</t>
                  <value>-0.000000</value>
               </ControlLinearNode>
               <ControlLinearNode>
                  <t>1.097821</t>
                  <value>-0.293145</value>
               </ControlLinearNode>
               <ControlLinearNode>
                  <t>1.107821</t>
                  <value>0.058917</value>
               </ControlLinearNode>
               <ControlLinearNode>
                  <t>1.117821</t>
                  <value>0.016417</value>
               </ControlLinearNode>
               <ControlLinearNode>
                  <t>1.121016</t>
                  <value>0.000000</value>
               </ControlLinearNode>
               <ControlLinearNode>
                  <t>1.121016</t>
                  <value>-0.000000</value>
               </ControlLinearNode>
               <ControlLinearNode>
                  <t>1.131016</t>
                  <value>-0.058838</value>
               </ControlLinearNode>
               <ControlLinearNode>
                  <t>1.141016</t>
                  <value>-0.126214</value>
               </ControlLinearNode>
               <ControlLinearNode>
                  <t>1.151016</t>
                  <value>-0.199099</value>
               </ControlLinearNode>
               <ControlLinearNode>
                  <t>1.157300</t>
                  <value>-0.247341</value>
               </ControlLinearNode>
            </min_nodes>
            <max_nodes>
               <ControlLinearNode>
                  <t>0.125000</t>
                  <value>-5.292007</value>
               </ControlLinearNode>
               <ControlLinearNode>
                  <t>0.135000</t>
                  <value>-4.860753</value>
               </ControlLinearNode>
               <ControlLinearNode>
                  <t>0.145000</t>
                  <value>-4.430991</value>
               </ControlLinearNode>
               <ControlLinearNode>
                  <t>0.155000</t>
                  <value>-4.003959</value>
               </ControlLinearNode>
               <ControlLinearNode>
                  <t>0.165000</t>
                  <value>-3.580450</value>
               </ControlLinearNode>
               <ControlLinearNode>
                  <t>0.175000</t>
                  <value>-3.160730</value>
               </ControlLinearNode>
               <ControlLinearNode>
                  <t>0.185000</t>
                  <value>-2.744574</value>
               </ControlLinearNode>
               <ControlLinearNode>
                  <t>0.195000</t>
                  <value>-2.331358</value>
               </ControlLinearNode>
               <ControlLinearNode>
                  <t>0.205000</t>
                  <value>-1.920191</value>
               </ControlLinearNode>
               <ControlLinearNode>
                  <t>0.214184</t>
                  <value>-0.000000</value>
               </ControlLinearNode>
               <ControlLinearNode>
                  <t>0.214184</t>
                  <value>0.000000</value>
               </ControlLinearNode>
               <ControlLinearNode>
                  <t>0.224184</t>
                  <value>0.552928</value>
               </ControlLinearNode>
               <ControlLinearNode>
                  <t>0.234184</t>
                  <value>1.200457</value>
               </ControlLinearNode>
               <ControlLinearNode>
                  <t>0.244184</t>
                  <value>1.932451</value>
               </ControlLinearNode>
               <ControlLinearNode>
                  <t>0.254184</t>
                  <value>2.729895</value>
               </ControlLinearNode>
               <ControlLinearNode>
                  <t>0.264184</t>
                  <value>3.569812</value>
               </ControlLinearNode>
               <ControlLinearNode>
                  <t>0.274184</t>
                  <value>4.427543</value>
               </ControlLinearNode>
               <ControlLinearNode>
                  <t>0.284184</t>
                  <value>5.286930</value>
               </ControlLinearNode>
               <ControlLinearNode>
                  <t>0.294184</t>
                  <value>6.151698</value>
               </ControlLinearNode>
               <ControlLinearNode>
                  <t>0.304184</t>
                  <value>7.022142</value>
               </ControlLinearNode>
               <ControlLinearNode>
                  <t>0.314184</t>
                  <value>7.884125</value>
               </ControlLinearNode>
               <ControlLinearNode>
                  <t>0.324184</t>
                  <value>8.729482</value>
               </ControlLinearNode>
               <ControlLinearNode>
                  <t>0.334184</t>
                  <value>9.559128</value>
               </ControlLinearNode>
               <ControlLinearNode>
                  <t>0.344184</t>
                  <value>10.376645</value>
               </ControlLinearNode>
               <ControlLinearNode>
                  <t>0.354184</t>
                  <value>11.201016</value>
               </ControlLinearNode>
               <ControlLinearNode>
                  <t>0.364184</t>
                  <value>12.076651</value>
               </ControlLinearNode>
               <ControlLinearNode>
                  <t>0.374184</t>
                  <value>13.051647</value>
               </ControlLinearNode>
               <ControlLinearNode>
                  <t>0.384184</t>
                  <value>14.140288</value>
               </ControlLinearNode>
               <ControlLinearNode>
                  <t>0.394184</t>
                  <value>15.315188</value>
               </ControlLinearNode>
               <ControlLinearNode>
                  <t>0.404184</t>
                  <value>16.535686</value>
               </ControlLinearNode>
               <ControlLinearNode>
                  <t>0.414184</t>
                  <value>17.764703</value>
               </ControlLinearNode>
               <ControlLinearNode>
                  <t>0.424184</t>
                  <value>18.989766</value>
               </ControlLinearNode>
               <ControlLinearNode>
                  <t>0.434184</t>
                  <value>20.219327</value>
               </ControlLinearNode>
               <ControlLinearNode>
                  <t>0.444184</t>
                  <value>21.450869</value>
               </ControlLinearNode>
               <ControlLinearNode>
                  <t>0.454184</t>
                  <value>22.652200</value>
               </ControlLinearNode>
               <ControlLinearNode>
                  <t>0.464184</t>
                  <value>23.796795</value>
               </ControlLinearNode>
               <ControlLinearNode>
                  <t>0.474184</t>
                  <value>24.876501</value>
               </ControlLinearNode>
               <ControlLinearNode>
                  <t>0.484184</t>
                  <value>25.881253</value>
               </ControlLinearNode>
               <ControlLinearNode>
                  <t>0.494184</t>
                  <value>26.786409</value>
               </ControlLinearNode>
               <ControlLinearNode>
                  <t>0.504184</t>
                  <value>27.546498</value>
               </ControlLinearNode>
               <ControlLinearNode>
                  <t>0.514184</t>
                  <value>28.101359</value>
               </ControlLinearNode>
               <ControlLinearNode>
                  <t>0.524184</t>
                  <value>28.397266</value>
               </ControlLinearNode>
               <ControlLinearNode>
                  <t>0.534184</t>
                  <value>28.407076</value>
               </ControlLinearNode>
               <ControlLinearNode>
                  <t>0.544184</t>
                  <value>28.117252</value>
               </ControlLinearNode>
               <ControlLinearNode>
                  <t>0.554184</t>
                  <value>27.485386</value>
               </ControlLinearNode>
               <ControlLinearNode>
                  <t>0.564184</t>
                  <value>26.457543</value>
               </ControlLinearNode>
               <ControlLinearNode>
                  <t>0.574184</t>
                  <value>24.985102</value>
               </ControlLinearNode>
               <ControlLinearNode>
                  <t>0.584184</t>
                  <value>23.066495</value>
               </ControlLinearNode>
               <ControlLinearNode>
                  <t>0.594184</t>
                  <value>20.736460</value>
               </ControlLinearNode>
               <ControlLinearNode>
                  <t>0.604184</t>
                  <value>18.038737</value>
               </ControlLinearNode>
               <ControlLinearNode>
                  <t>0.614184</t>
                  <value>15.011937</value>
               </ControlLinearNode>
               <ControlLinearNode>
                  <t>0.624184</t>
                  <value>11.717823</value>
               </ControlLinearNode>
               <ControlLinearNode>
                  <t>0.634184</t>
                  <value>8.311318</value>
               </ControlLinearNode>
               <ControlLinearNode>
                  <t>0.644184</t>
                  <value>5.088644</value>
               </ControlLinearNode>
               <ControlLinearNode>
                  <t>0.654184</t>
                  <value>2.432421</value>
               </ControlLinearNode>
               <ControlLinearNode>
                  <t>0.664184</t>
                  <value>-0.000000</value>
               </ControlLinearNode>
               <ControlLinearNode>
                  <t>0.669391</t>
                  <value>-0.000000</value>
               </ControlLinearNode>
               <ControlLinearNode>
                  <t>0.669391</t>
                  <value>-0.000000</value>
               </ControlLinearNode>
               <ControlLinearNode>
                  <t>0.679391</t>
                  <value>-0.000000</value>
               </ControlLinearNode>
               <ControlLinearNode>
                  <t>0.689391</t>
                  <value>-0.000000</value>
               </ControlLinearNode>
               <ControlLinearNode>
                  <t>0.699391</t>
                  <value>-0.000000</value>
               </ControlLinearNode>
               <ControlLinearNode>
                  <t>0.709391</t>
                  <value>-0.000000</value>
               </ControlLinearNode>
               <ControlLinearNode>
                  <t>0.719391</t>
                  <value>-0.000000</value>
               </ControlLinearNode>
               <ControlLinearNode>
                  <t>0.729391</t>
                  <value>-0.000000</value>
               </ControlLinearNode>
               <ControlLinearNode>
                  <t>0.739391</t>
                  <value>-0.000000</value>
               </ControlLinearNode>
               <ControlLinearNode>
                  <t>0.749391</t>
                  <value>-0.000000</value>
               </ControlLinearNode>
               <ControlLinearNode>
                  <t>0.759391</t>
                  <value>-0.000000</value>
               </ControlLinearNode>
               <ControlLinearNode>
                  <t>0.769391</t>
                  <value>-0.000000</value>
               </ControlLinearNode>
               <ControlLinearNode>
                  <t>0.779391</t>
                  <value>-0.000000</value>
               </ControlLinearNode>
               <ControlLinearNode>
                  <t>0.789391</t>
                  <value>-0.000000</value>
               </ControlLinearNode>
               <ControlLinearNode>
                  <t>0.799391</t>
                  <value>-0.000000</value>
               </ControlLinearNode>
               <ControlLinearNode>
                  <t>0.809391</t>
                  <value>-0.000000</value>
               </ControlLinearNode>
               <ControlLinearNode>
                  <t>0.819391</t>
                  <value>-0.000000</value>
               </ControlLinearNode>
               <ControlLinearNode>
                  <t>0.829391</t>
                  <value>-0.000000</value>
               </ControlLinearNode>
               <ControlLinearNode>
                  <t>0.839391</t>
                  <value>-0.000000</value>
               </ControlLinearNode>
               <ControlLinearNode>
                  <t>0.849391</t>
                  <value>-0.000000</value>
               </ControlLinearNode>
               <ControlLinearNode>
                  <t>0.859391</t>
                  <value>-0.000000</value>
               </ControlLinearNode>
               <ControlLinearNode>
                  <t>0.869391</t>
                  <value>-0.000000</value>
               </ControlLinearNode>
               <ControlLinearNode>
                  <t>0.879391</t>
                  <value>-0.000000</value>
               </ControlLinearNode>
               <ControlLinearNode>
                  <t>0.889391</t>
                  <value>-0.000000</value>
               </ControlLinearNode>
               <ControlLinearNode>
                  <t>0.899391</t>
                  <value>-0.000000</value>
               </ControlLinearNode>
               <ControlLinearNode>
                  <t>0.909391</t>
                  <value>-0.000000</value>
               </ControlLinearNode>
               <ControlLinearNode>
                  <t>0.919391</t>
                  <value>-0.000000</value>
               </ControlLinearNode>
               <ControlLinearNode>
                  <t>0.929391</t>
                  <value>-0.000000</value>
               </ControlLinearNode>
               <ControlLinearNode>
                  <t>0.939391</t>
                  <value>-0.000000</value>
               </ControlLinearNode>
               <ControlLinearNode>
                  <t>0.949391</t>
                  <value>-0.000000</value>
               </ControlLinearNode>
               <ControlLinearNode>
                  <t>0.959391</t>
                  <value>-0.000000</value>
               </ControlLinearNode>
               <ControlLinearNode>
                  <t>0.969391</t>
                  <value>-0.000000</value>
               </ControlLinearNode>
               <ControlLinearNode>
                  <t>0.979391</t>
                  <value>-0.000000</value>
               </ControlLinearNode>
               <ControlLinearNode>
                  <t>0.989391</t>
                  <value>-0.000000</value>
               </ControlLinearNode>
               <ControlLinearNode>
                  <t>0.999391</t>
                  <value>-0.000000</value>
               </ControlLinearNode>
               <ControlLinearNode>
                  <t>1.009391</t>
                  <value>-0.000000</value>
               </ControlLinearNode>
               <ControlLinearNode>
                  <t>1.019391</t>
                  <value>-0.000000</value>
               </ControlLinearNode>
               <ControlLinearNode>
                  <t>1.029391</t>
                  <value>-0.000000</value>
               </ControlLinearNode>
               <ControlLinearNode>
                  <t>1.039391</t>
                  <value>-0.000000</value>
               </ControlLinearNode>
               <ControlLinearNode>
                  <t>1.047821</t>
                  <value>-0.000000</value>
               </ControlLinearNode>
               <ControlLinearNode>
                  <t>1.047821</t>
                  <value>-0.000000</value>
               </ControlLinearNode>
               <ControlLinearNode>
                  <t>1.057821</t>
                  <value>-0.000000</value>
               </ControlLinearNode>
               <ControlLinearNode>
                  <t>1.067821</t>
                  <value>-0.000000</value>
               </ControlLinearNode>
               <ControlLinearNode>
                  <t>1.077821</t>
                  <value>-0.000000</value>
               </ControlLinearNode>
               <ControlLinearNode>
                  <t>1.087821</t>
                  <value>-0.000000</value>
               </ControlLinearNode>
               <ControlLinearNode>
                  <t>1.097821</t>
                  <value>-0.293145</value>
               </ControlLinearNode>
               <ControlLinearNode>
                  <t>1.107821</t>
                  <value>0.058917</value>
               </ControlLinearNode>
               <ControlLinearNode>
                  <t>1.117821</t>
                  <value>0.016417</value>
               </ControlLinearNode>
               <ControlLinearNode>
                  <t>1.121016</t>
                  <value>0.000000</value>
               </ControlLinearNode>
               <ControlLinearNode>
                  <t>1.121016</t>
                  <value>-0.000000</value>
               </ControlLinearNode>
               <ControlLinearNode>
                  <t>1.131016</t>
                  <value>-0.058838</value>
               </ControlLinearNode>
               <ControlLinearNode>
                  <t>1.141016</t>
                  <value>-0.126214</value>
               </ControlLinearNode>
               <ControlLinearNode>
                  <t>1.151016</t>
                  <value>-0.199099</value>
               </ControlLinearNode>
               <ControlLinearNode>
                  <t>1.157300</t>
                  <value>-0.247341</value>
               </ControlLinearNode>
            </max_nodes>
            <kp>100</kp>
            <kv>100</kv>
         </ControlLinear>
	  </objects>
   </ControlSet>
</OpenSimDocument>