<?xml version="1.0" encoding="utf-8"?>
<OpenSimDocument Version="40000">
   <ControlSet name="GIL_AFO_Controller">
      <objects>
         <ControlLinear name="rAFO_torq_gen.excitation">
            <is_model_control>true</is_model_control>
            <extrapolate>false</extrapolate>
            <default_min>-1</default_min>
            <default_max>24</default_max>
            <filter_on>true</filter_on>
            <use_steps>false</use_steps>
            <x_nodes>
               <ControlLinearNode>
                  <t>0.133000</t>
                  <value>-0.000000</value>
               </ControlLinearNode>
               <ControlLinearNode>
                  <t>0.143000</t>
                  <value>-0.000000</value>
               </ControlLinearNode>
               <ControlLinearNode>
                  <t>0.153000</t>
                  <value>-0.000000</value>
               </ControlLinearNode>
               <ControlLinearNode>
                  <t>0.163000</t>
                  <value>-0.000000</value>
               </ControlLinearNode>
               <ControlLinearNode>
                  <t>0.173000</t>
                  <value>-0.000000</value>
               </ControlLinearNode>
               <ControlLinearNode>
                  <t>0.183000</t>
                  <value>-0.000000</value>
               </ControlLinearNode>
               <ControlLinearNode>
                  <t>0.193000</t>
                  <value>-0.000000</value>
               </ControlLinearNode>
               <ControlLinearNode>
                  <t>0.203000</t>
                  <value>-0.000000</value>
               </ControlLinearNode>
               <ControlLinearNode>
                  <t>0.213000</t>
                  <value>-0.000000</value>
               </ControlLinearNode>
               <ControlLinearNode>
                  <t>0.223000</t>
                  <value>-0.000000</value>
               </ControlLinearNode>
               <ControlLinearNode>
                  <t>0.233000</t>
                  <value>-0.000000</value>
               </ControlLinearNode>
               <ControlLinearNode>
                  <t>0.243000</t>
                  <value>-0.000000</value>
               </ControlLinearNode>
               <ControlLinearNode>
                  <t>0.253000</t>
                  <value>-0.000000</value>
               </ControlLinearNode>
               <ControlLinearNode>
                  <t>0.263000</t>
                  <value>-0.000000</value>
               </ControlLinearNode>
               <ControlLinearNode>
                  <t>0.273000</t>
                  <value>-0.000000</value>
               </ControlLinearNode>
               <ControlLinearNode>
                  <t>0.283000</t>
                  <value>-0.000000</value>
               </ControlLinearNode>
               <ControlLinearNode>
                  <t>0.293000</t>
                  <value>-0.000000</value>
               </ControlLinearNode>
               <ControlLinearNode>
                  <t>0.303000</t>
                  <value>-0.000000</value>
               </ControlLinearNode>
               <ControlLinearNode>
                  <t>0.313000</t>
                  <value>-0.000000</value>
               </ControlLinearNode>
               <ControlLinearNode>
                  <t>0.323000</t>
                  <value>-0.000000</value>
               </ControlLinearNode>
               <ControlLinearNode>
                  <t>0.333000</t>
                  <value>-0.000000</value>
               </ControlLinearNode>
               <ControlLinearNode>
                  <t>0.343000</t>
                  <value>-0.000000</value>
               </ControlLinearNode>
               <ControlLinearNode>
                  <t>0.353000</t>
                  <value>-0.000000</value>
               </ControlLinearNode>
               <ControlLinearNode>
                  <t>0.363000</t>
                  <value>-0.000000</value>
               </ControlLinearNode>
               <ControlLinearNode>
                  <t>0.373000</t>
                  <value>-0.000000</value>
               </ControlLinearNode>
               <ControlLinearNode>
                  <t>0.383000</t>
                  <value>-0.000000</value>
               </ControlLinearNode>
               <ControlLinearNode>
                  <t>0.393000</t>
                  <value>-0.000000</value>
               </ControlLinearNode>
               <ControlLinearNode>
                  <t>0.403000</t>
                  <value>-0.000000</value>
               </ControlLinearNode>
               <ControlLinearNode>
                  <t>0.413000</t>
                  <value>-0.000000</value>
               </ControlLinearNode>
               <ControlLinearNode>
                  <t>0.423000</t>
                  <value>-0.000000</value>
               </ControlLinearNode>
               <ControlLinearNode>
                  <t>0.433000</t>
                  <value>-0.000000</value>
               </ControlLinearNode>
               <ControlLinearNode>
                  <t>0.443000</t>
                  <value>-0.000000</value>
               </ControlLinearNode>
               <ControlLinearNode>
                  <t>0.453000</t>
                  <value>-0.000000</value>
               </ControlLinearNode>
               <ControlLinearNode>
                  <t>0.463000</t>
                  <value>-0.000000</value>
               </ControlLinearNode>
               <ControlLinearNode>
                  <t>0.473000</t>
                  <value>-0.000000</value>
               </ControlLinearNode>
               <ControlLinearNode>
                  <t>0.483000</t>
                  <value>-0.000000</value>
               </ControlLinearNode>
               <ControlLinearNode>
                  <t>0.493000</t>
                  <value>-0.000000</value>
               </ControlLinearNode>
               <ControlLinearNode>
                  <t>0.494000</t>
                  <value>-0.000000</value>
               </ControlLinearNode>
               <ControlLinearNode>
                  <t>0.494000</t>
                  <value>-0.000000</value>
               </ControlLinearNode>
               <ControlLinearNode>
                  <t>0.494000</t>
                  <value>-0.000000</value>
               </ControlLinearNode>
               <ControlLinearNode>
                  <t>0.504000</t>
                  <value>-0.000000</value>
               </ControlLinearNode>
               <ControlLinearNode>
                  <t>0.514000</t>
                  <value>-0.000000</value>
               </ControlLinearNode>
               <ControlLinearNode>
                  <t>0.524000</t>
                  <value>-0.000000</value>
               </ControlLinearNode>
               <ControlLinearNode>
                  <t>0.534000</t>
                  <value>-0.000000</value>
               </ControlLinearNode>
               <ControlLinearNode>
                  <t>0.544000</t>
                  <value>-0.017722</value>
               </ControlLinearNode>
               <ControlLinearNode>
                  <t>0.554000</t>
                  <value>-0.328114</value>
               </ControlLinearNode>
               <ControlLinearNode>
                  <t>0.564000</t>
                  <value>-0.573897</value>
               </ControlLinearNode>
               <ControlLinearNode>
                  <t>0.574000</t>
                  <value>-0.733797</value>
               </ControlLinearNode>
               <ControlLinearNode>
                  <t>0.584000</t>
                  <value>-0.789548</value>
               </ControlLinearNode>
               <ControlLinearNode>
                  <t>0.594000</t>
                  <value>-0.728005</value>
               </ControlLinearNode>
               <ControlLinearNode>
                  <t>0.604000</t>
                  <value>-0.543173</value>
               </ControlLinearNode>
               <ControlLinearNode>
                  <t>0.614000</t>
                  <value>-0.237321</value>
               </ControlLinearNode>
               <ControlLinearNode>
                  <t>0.624000</t>
                  <value>0.179488</value>
               </ControlLinearNode>
               <ControlLinearNode>
                  <t>0.634000</t>
                  <value>0.690394</value>
               </ControlLinearNode>
               <ControlLinearNode>
                  <t>0.644000</t>
                  <value>1.273019</value>
               </ControlLinearNode>
               <ControlLinearNode>
                  <t>0.654000</t>
                  <value>1.900883</value>
               </ControlLinearNode>
               <ControlLinearNode>
                  <t>0.664000</t>
                  <value>2.545113</value>
               </ControlLinearNode>
               <ControlLinearNode>
                  <t>0.674000</t>
                  <value>3.176682</value>
               </ControlLinearNode>
               <ControlLinearNode>
                  <t>0.684000</t>
                  <value>3.769044</value>
               </ControlLinearNode>
               <ControlLinearNode>
                  <t>0.694000</t>
                  <value>4.300619</value>
               </ControlLinearNode>
               <ControlLinearNode>
                  <t>0.704000</t>
                  <value>4.756633</value>
               </ControlLinearNode>
               <ControlLinearNode>
                  <t>0.714000</t>
                  <value>5.129972</value>
               </ControlLinearNode>
               <ControlLinearNode>
                  <t>0.724000</t>
                  <value>5.420966</value>
               </ControlLinearNode>
               <ControlLinearNode>
                  <t>0.734000</t>
                  <value>5.636451</value>
               </ControlLinearNode>
               <ControlLinearNode>
                  <t>0.744000</t>
                  <value>6.130196</value>
               </ControlLinearNode>
               <ControlLinearNode>
                  <t>0.754000</t>
                  <value>6.472036</value>
               </ControlLinearNode>
               <ControlLinearNode>
                  <t>0.764000</t>
                  <value>6.708506</value>
               </ControlLinearNode>
               <ControlLinearNode>
                  <t>0.774000</t>
                  <value>6.892997</value>
               </ControlLinearNode>
               <ControlLinearNode>
                  <t>0.784000</t>
                  <value>7.072889</value>
               </ControlLinearNode>
               <ControlLinearNode>
                  <t>0.794000</t>
                  <value>7.286334</value>
               </ControlLinearNode>
               <ControlLinearNode>
                  <t>0.804000</t>
                  <value>7.560612</value>
               </ControlLinearNode>
               <ControlLinearNode>
                  <t>0.814000</t>
                  <value>7.912075</value>
               </ControlLinearNode>
               <ControlLinearNode>
                  <t>0.824000</t>
                  <value>8.347444</value>
               </ControlLinearNode>
               <ControlLinearNode>
                  <t>0.834000</t>
                  <value>8.866081</value>
               </ControlLinearNode>
               <ControlLinearNode>
                  <t>0.844000</t>
                  <value>9.462665</value>
               </ControlLinearNode>
               <ControlLinearNode>
                  <t>0.854000</t>
                  <value>10.129741</value>
               </ControlLinearNode>
               <ControlLinearNode>
                  <t>0.864000</t>
                  <value>10.859695</value>
               </ControlLinearNode>
               <ControlLinearNode>
                  <t>0.874000</t>
                  <value>11.645931</value>
               </ControlLinearNode>
               <ControlLinearNode>
                  <t>0.884000</t>
                  <value>12.483199</value>
               </ControlLinearNode>
               <ControlLinearNode>
                  <t>0.894000</t>
                  <value>13.367144</value>
               </ControlLinearNode>
               <ControlLinearNode>
                  <t>0.904000</t>
                  <value>14.293069</value>
               </ControlLinearNode>
               <ControlLinearNode>
                  <t>0.914000</t>
                  <value>15.254280</value>
               </ControlLinearNode>
               <ControlLinearNode>
                  <t>0.924000</t>
                  <value>16.240337</value>
               </ControlLinearNode>
               <ControlLinearNode>
                  <t>0.934000</t>
                  <value>17.235517</value>
               </ControlLinearNode>
               <ControlLinearNode>
                  <t>0.944000</t>
                  <value>18.217759</value>
               </ControlLinearNode>
               <ControlLinearNode>
                  <t>0.954000</t>
                  <value>19.158323</value>
               </ControlLinearNode>
               <ControlLinearNode>
                  <t>0.964000</t>
                  <value>20.022466</value>
               </ControlLinearNode>
               <ControlLinearNode>
                  <t>0.974000</t>
                  <value>21.464994</value>
               </ControlLinearNode>
               <ControlLinearNode>
                  <t>0.984000</t>
                  <value>22.065460</value>
               </ControlLinearNode>
               <ControlLinearNode>
                  <t>0.994000</t>
                  <value>22.575628</value>
               </ControlLinearNode>
               <ControlLinearNode>
                  <t>1.004000</t>
                  <value>22.985948</value>
               </ControlLinearNode>
               <ControlLinearNode>
                  <t>1.014000</t>
                  <value>23.293070</value>
               </ControlLinearNode>
               <ControlLinearNode>
                  <t>1.024000</t>
                  <value>23.478306</value>
               </ControlLinearNode>
               <ControlLinearNode>
                  <t>1.034000</t>
                  <value>23.512155</value>
               </ControlLinearNode>
               <ControlLinearNode>
                  <t>1.044000</t>
                  <value>23.369600</value>
               </ControlLinearNode>
               <ControlLinearNode>
                  <t>1.054000</t>
                  <value>23.020495</value>
               </ControlLinearNode>
               <ControlLinearNode>
                  <t>1.064000</t>
                  <value>22.408525</value>
               </ControlLinearNode>
               <ControlLinearNode>
                  <t>1.074000</t>
                  <value>21.480273</value>
               </ControlLinearNode>
               <ControlLinearNode>
                  <t>1.082300</t>
                  <value>20.484864</value>
               </ControlLinearNode>
            </x_nodes>
            <min_nodes>
               <ControlLinearNode>
                  <t>0.133000</t>
                  <value>-0.000000</value>
               </ControlLinearNode>
               <ControlLinearNode>
                  <t>0.143000</t>
                  <value>-0.000000</value>
               </ControlLinearNode>
               <ControlLinearNode>
                  <t>0.153000</t>
                  <value>-0.000000</value>
               </ControlLinearNode>
               <ControlLinearNode>
                  <t>0.163000</t>
                  <value>-0.000000</value>
               </ControlLinearNode>
               <ControlLinearNode>
                  <t>0.173000</t>
                  <value>-0.000000</value>
               </ControlLinearNode>
               <ControlLinearNode>
                  <t>0.183000</t>
                  <value>-0.000000</value>
               </ControlLinearNode>
               <ControlLinearNode>
                  <t>0.193000</t>
                  <value>-0.000000</value>
               </ControlLinearNode>
               <ControlLinearNode>
                  <t>0.203000</t>
                  <value>-0.000000</value>
               </ControlLinearNode>
               <ControlLinearNode>
                  <t>0.213000</t>
                  <value>-0.000000</value>
               </ControlLinearNode>
               <ControlLinearNode>
                  <t>0.223000</t>
                  <value>-0.000000</value>
               </ControlLinearNode>
               <ControlLinearNode>
                  <t>0.233000</t>
                  <value>-0.000000</value>
               </ControlLinearNode>
               <ControlLinearNode>
                  <t>0.243000</t>
                  <value>-0.000000</value>
               </ControlLinearNode>
               <ControlLinearNode>
                  <t>0.253000</t>
                  <value>-0.000000</value>
               </ControlLinearNode>
               <ControlLinearNode>
                  <t>0.263000</t>
                  <value>-0.000000</value>
               </ControlLinearNode>
               <ControlLinearNode>
                  <t>0.273000</t>
                  <value>-0.000000</value>
               </ControlLinearNode>
               <ControlLinearNode>
                  <t>0.283000</t>
                  <value>-0.000000</value>
               </ControlLinearNode>
               <ControlLinearNode>
                  <t>0.293000</t>
                  <value>-0.000000</value>
               </ControlLinearNode>
               <ControlLinearNode>
                  <t>0.303000</t>
                  <value>-0.000000</value>
               </ControlLinearNode>
               <ControlLinearNode>
                  <t>0.313000</t>
                  <value>-0.000000</value>
               </ControlLinearNode>
               <ControlLinearNode>
                  <t>0.323000</t>
                  <value>-0.000000</value>
               </ControlLinearNode>
               <ControlLinearNode>
                  <t>0.333000</t>
                  <value>-0.000000</value>
               </ControlLinearNode>
               <ControlLinearNode>
                  <t>0.343000</t>
                  <value>-0.000000</value>
               </ControlLinearNode>
               <ControlLinearNode>
                  <t>0.353000</t>
                  <value>-0.000000</value>
               </ControlLinearNode>
               <ControlLinearNode>
                  <t>0.363000</t>
                  <value>-0.000000</value>
               </ControlLinearNode>
               <ControlLinearNode>
                  <t>0.373000</t>
                  <value>-0.000000</value>
               </ControlLinearNode>
               <ControlLinearNode>
                  <t>0.383000</t>
                  <value>-0.000000</value>
               </ControlLinearNode>
               <ControlLinearNode>
                  <t>0.393000</t>
                  <value>-0.000000</value>
               </ControlLinearNode>
               <ControlLinearNode>
                  <t>0.403000</t>
                  <value>-0.000000</value>
               </ControlLinearNode>
               <ControlLinearNode>
                  <t>0.413000</t>
                  <value>-0.000000</value>
               </ControlLinearNode>
               <ControlLinearNode>
                  <t>0.423000</t>
                  <value>-0.000000</value>
               </ControlLinearNode>
               <ControlLinearNode>
                  <t>0.433000</t>
                  <value>-0.000000</value>
               </ControlLinearNode>
               <ControlLinearNode>
                  <t>0.443000</t>
                  <value>-0.000000</value>
               </ControlLinearNode>
               <ControlLinearNode>
                  <t>0.453000</t>
                  <value>-0.000000</value>
               </ControlLinearNode>
               <ControlLinearNode>
                  <t>0.463000</t>
                  <value>-0.000000</value>
               </ControlLinearNode>
               <ControlLinearNode>
                  <t>0.473000</t>
                  <value>-0.000000</value>
               </ControlLinearNode>
               <ControlLinearNode>
                  <t>0.483000</t>
                  <value>-0.000000</value>
               </ControlLinearNode>
               <ControlLinearNode>
                  <t>0.493000</t>
                  <value>-0.000000</value>
               </ControlLinearNode>
               <ControlLinearNode>
                  <t>0.494000</t>
                  <value>-0.000000</value>
               </ControlLinearNode>
               <ControlLinearNode>
                  <t>0.494000</t>
                  <value>-0.000000</value>
               </ControlLinearNode>
               <ControlLinearNode>
                  <t>0.494000</t>
                  <value>-0.000000</value>
               </ControlLinearNode>
               <ControlLinearNode>
                  <t>0.504000</t>
                  <value>-0.000000</value>
               </ControlLinearNode>
               <ControlLinearNode>
                  <t>0.514000</t>
                  <value>-0.000000</value>
               </ControlLinearNode>
               <ControlLinearNode>
                  <t>0.524000</t>
                  <value>-0.000000</value>
               </ControlLinearNode>
               <ControlLinearNode>
                  <t>0.534000</t>
                  <value>-0.000000</value>
               </ControlLinearNode>
               <ControlLinearNode>
                  <t>0.544000</t>
                  <value>-0.017722</value>
               </ControlLinearNode>
               <ControlLinearNode>
                  <t>0.554000</t>
                  <value>-0.328114</value>
               </ControlLinearNode>
               <ControlLinearNode>
                  <t>0.564000</t>
                  <value>-0.573897</value>
               </ControlLinearNode>
               <ControlLinearNode>
                  <t>0.574000</t>
                  <value>-0.733797</value>
               </ControlLinearNode>
               <ControlLinearNode>
                  <t>0.584000</t>
                  <value>-0.789548</value>
               </ControlLinearNode>
               <ControlLinearNode>
                  <t>0.594000</t>
                  <value>-0.728005</value>
               </ControlLinearNode>
               <ControlLinearNode>
                  <t>0.604000</t>
                  <value>-0.543173</value>
               </ControlLinearNode>
               <ControlLinearNode>
                  <t>0.614000</t>
                  <value>-0.237321</value>
               </ControlLinearNode>
               <ControlLinearNode>
                  <t>0.624000</t>
                  <value>0.179488</value>
               </ControlLinearNode>
               <ControlLinearNode>
                  <t>0.634000</t>
                  <value>0.690394</value>
               </ControlLinearNode>
               <ControlLinearNode>
                  <t>0.644000</t>
                  <value>1.273019</value>
               </ControlLinearNode>
               <ControlLinearNode>
                  <t>0.654000</t>
                  <value>1.900883</value>
               </ControlLinearNode>
               <ControlLinearNode>
                  <t>0.664000</t>
                  <value>2.545113</value>
               </ControlLinearNode>
               <ControlLinearNode>
                  <t>0.674000</t>
                  <value>3.176682</value>
               </ControlLinearNode>
               <ControlLinearNode>
                  <t>0.684000</t>
                  <value>3.769044</value>
               </ControlLinearNode>
               <ControlLinearNode>
                  <t>0.694000</t>
                  <value>4.300619</value>
               </ControlLinearNode>
               <ControlLinearNode>
                  <t>0.704000</t>
                  <value>4.756633</value>
               </ControlLinearNode>
               <ControlLinearNode>
                  <t>0.714000</t>
                  <value>5.129972</value>
               </ControlLinearNode>
               <ControlLinearNode>
                  <t>0.724000</t>
                  <value>5.420966</value>
               </ControlLinearNode>
               <ControlLinearNode>
                  <t>0.734000</t>
                  <value>5.636451</value>
               </ControlLinearNode>
               <ControlLinearNode>
                  <t>0.744000</t>
                  <value>6.130196</value>
               </ControlLinearNode>
               <ControlLinearNode>
                  <t>0.754000</t>
                  <value>6.472036</value>
               </ControlLinearNode>
               <ControlLinearNode>
                  <t>0.764000</t>
                  <value>6.708506</value>
               </ControlLinearNode>
               <ControlLinearNode>
                  <t>0.774000</t>
                  <value>6.892997</value>
               </ControlLinearNode>
               <ControlLinearNode>
                  <t>0.784000</t>
                  <value>7.072889</value>
               </ControlLinearNode>
               <ControlLinearNode>
                  <t>0.794000</t>
                  <value>7.286334</value>
               </ControlLinearNode>
               <ControlLinearNode>
                  <t>0.804000</t>
                  <value>7.560612</value>
               </ControlLinearNode>
               <ControlLinearNode>
                  <t>0.814000</t>
                  <value>7.912075</value>
               </ControlLinearNode>
               <ControlLinearNode>
                  <t>0.824000</t>
                  <value>8.347444</value>
               </ControlLinearNode>
               <ControlLinearNode>
                  <t>0.834000</t>
                  <value>8.866081</value>
               </ControlLinearNode>
               <ControlLinearNode>
                  <t>0.844000</t>
                  <value>9.462665</value>
               </ControlLinearNode>
               <ControlLinearNode>
                  <t>0.854000</t>
                  <value>10.129741</value>
               </ControlLinearNode>
               <ControlLinearNode>
                  <t>0.864000</t>
                  <value>10.859695</value>
               </ControlLinearNode>
               <ControlLinearNode>
                  <t>0.874000</t>
                  <value>11.645931</value>
               </ControlLinearNode>
               <ControlLinearNode>
                  <t>0.884000</t>
                  <value>12.483199</value>
               </ControlLinearNode>
               <ControlLinearNode>
                  <t>0.894000</t>
                  <value>13.367144</value>
               </ControlLinearNode>
               <ControlLinearNode>
                  <t>0.904000</t>
                  <value>14.293069</value>
               </ControlLinearNode>
               <ControlLinearNode>
                  <t>0.914000</t>
                  <value>15.254280</value>
               </ControlLinearNode>
               <ControlLinearNode>
                  <t>0.924000</t>
                  <value>16.240337</value>
               </ControlLinearNode>
               <ControlLinearNode>
                  <t>0.934000</t>
                  <value>17.235517</value>
               </ControlLinearNode>
               <ControlLinearNode>
                  <t>0.944000</t>
                  <value>18.217759</value>
               </ControlLinearNode>
               <ControlLinearNode>
                  <t>0.954000</t>
                  <value>19.158323</value>
               </ControlLinearNode>
               <ControlLinearNode>
                  <t>0.964000</t>
                  <value>20.022466</value>
               </ControlLinearNode>
               <ControlLinearNode>
                  <t>0.974000</t>
                  <value>21.464994</value>
               </ControlLinearNode>
               <ControlLinearNode>
                  <t>0.984000</t>
                  <value>22.065460</value>
               </ControlLinearNode>
               <ControlLinearNode>
                  <t>0.994000</t>
                  <value>22.575628</value>
               </ControlLinearNode>
               <ControlLinearNode>
                  <t>1.004000</t>
                  <value>22.985948</value>
               </ControlLinearNode>
               <ControlLinearNode>
                  <t>1.014000</t>
                  <value>23.293070</value>
               </ControlLinearNode>
               <ControlLinearNode>
                  <t>1.024000</t>
                  <value>23.478306</value>
               </ControlLinearNode>
               <ControlLinearNode>
                  <t>1.034000</t>
                  <value>23.512155</value>
               </ControlLinearNode>
               <ControlLinearNode>
                  <t>1.044000</t>
                  <value>23.369600</value>
               </ControlLinearNode>
               <ControlLinearNode>
                  <t>1.054000</t>
                  <value>23.020495</value>
               </ControlLinearNode>
               <ControlLinearNode>
                  <t>1.064000</t>
                  <value>22.408525</value>
               </ControlLinearNode>
               <ControlLinearNode>
                  <t>1.074000</t>
                  <value>21.480273</value>
               </ControlLinearNode>
               <ControlLinearNode>
                  <t>1.082300</t>
                  <value>20.484864</value>
               </ControlLinearNode>
            </min_nodes>
            <max_nodes>
               <ControlLinearNode>
                  <t>0.133000</t>
                  <value>-0.000000</value>
               </ControlLinearNode>
               <ControlLinearNode>
                  <t>0.143000</t>
                  <value>-0.000000</value>
               </ControlLinearNode>
               <ControlLinearNode>
                  <t>0.153000</t>
                  <value>-0.000000</value>
               </ControlLinearNode>
               <ControlLinearNode>
                  <t>0.163000</t>
                  <value>-0.000000</value>
               </ControlLinearNode>
               <ControlLinearNode>
                  <t>0.173000</t>
                  <value>-0.000000</value>
               </ControlLinearNode>
               <ControlLinearNode>
                  <t>0.183000</t>
                  <value>-0.000000</value>
               </ControlLinearNode>
               <ControlLinearNode>
                  <t>0.193000</t>
                  <value>-0.000000</value>
               </ControlLinearNode>
               <ControlLinearNode>
                  <t>0.203000</t>
                  <value>-0.000000</value>
               </ControlLinearNode>
               <ControlLinearNode>
                  <t>0.213000</t>
                  <value>-0.000000</value>
               </ControlLinearNode>
               <ControlLinearNode>
                  <t>0.223000</t>
                  <value>-0.000000</value>
               </ControlLinearNode>
               <ControlLinearNode>
                  <t>0.233000</t>
                  <value>-0.000000</value>
               </ControlLinearNode>
               <ControlLinearNode>
                  <t>0.243000</t>
                  <value>-0.000000</value>
               </ControlLinearNode>
               <ControlLinearNode>
                  <t>0.253000</t>
                  <value>-0.000000</value>
               </ControlLinearNode>
               <ControlLinearNode>
                  <t>0.263000</t>
                  <value>-0.000000</value>
               </ControlLinearNode>
               <ControlLinearNode>
                  <t>0.273000</t>
                  <value>-0.000000</value>
               </ControlLinearNode>
               <ControlLinearNode>
                  <t>0.283000</t>
                  <value>-0.000000</value>
               </ControlLinearNode>
               <ControlLinearNode>
                  <t>0.293000</t>
                  <value>-0.000000</value>
               </ControlLinearNode>
               <ControlLinearNode>
                  <t>0.303000</t>
                  <value>-0.000000</value>
               </ControlLinearNode>
               <ControlLinearNode>
                  <t>0.313000</t>
                  <value>-0.000000</value>
               </ControlLinearNode>
               <ControlLinearNode>
                  <t>0.323000</t>
                  <value>-0.000000</value>
               </ControlLinearNode>
               <ControlLinearNode>
                  <t>0.333000</t>
                  <value>-0.000000</value>
               </ControlLinearNode>
               <ControlLinearNode>
                  <t>0.343000</t>
                  <value>-0.000000</value>
               </ControlLinearNode>
               <ControlLinearNode>
                  <t>0.353000</t>
                  <value>-0.000000</value>
               </ControlLinearNode>
               <ControlLinearNode>
                  <t>0.363000</t>
                  <value>-0.000000</value>
               </ControlLinearNode>
               <ControlLinearNode>
                  <t>0.373000</t>
                  <value>-0.000000</value>
               </ControlLinearNode>
               <ControlLinearNode>
                  <t>0.383000</t>
                  <value>-0.000000</value>
               </ControlLinearNode>
               <ControlLinearNode>
                  <t>0.393000</t>
                  <value>-0.000000</value>
               </ControlLinearNode>
               <ControlLinearNode>
                  <t>0.403000</t>
                  <value>-0.000000</value>
               </ControlLinearNode>
               <ControlLinearNode>
                  <t>0.413000</t>
                  <value>-0.000000</value>
               </ControlLinearNode>
               <ControlLinearNode>
                  <t>0.423000</t>
                  <value>-0.000000</value>
               </ControlLinearNode>
               <ControlLinearNode>
                  <t>0.433000</t>
                  <value>-0.000000</value>
               </ControlLinearNode>
               <ControlLinearNode>
                  <t>0.443000</t>
                  <value>-0.000000</value>
               </ControlLinearNode>
               <ControlLinearNode>
                  <t>0.453000</t>
                  <value>-0.000000</value>
               </ControlLinearNode>
               <ControlLinearNode>
                  <t>0.463000</t>
                  <value>-0.000000</value>
               </ControlLinearNode>
               <ControlLinearNode>
                  <t>0.473000</t>
                  <value>-0.000000</value>
               </ControlLinearNode>
               <ControlLinearNode>
                  <t>0.483000</t>
                  <value>-0.000000</value>
               </ControlLinearNode>
               <ControlLinearNode>
                  <t>0.493000</t>
                  <value>-0.000000</value>
               </ControlLinearNode>
               <ControlLinearNode>
                  <t>0.494000</t>
                  <value>-0.000000</value>
               </ControlLinearNode>
               <ControlLinearNode>
                  <t>0.494000</t>
                  <value>-0.000000</value>
               </ControlLinearNode>
               <ControlLinearNode>
                  <t>0.494000</t>
                  <value>-0.000000</value>
               </ControlLinearNode>
               <ControlLinearNode>
                  <t>0.504000</t>
                  <value>-0.000000</value>
               </ControlLinearNode>
               <ControlLinearNode>
                  <t>0.514000</t>
                  <value>-0.000000</value>
               </ControlLinearNode>
               <ControlLinearNode>
                  <t>0.524000</t>
                  <value>-0.000000</value>
               </ControlLinearNode>
               <ControlLinearNode>
                  <t>0.534000</t>
                  <value>-0.000000</value>
               </ControlLinearNode>
               <ControlLinearNode>
                  <t>0.544000</t>
                  <value>-0.017722</value>
               </ControlLinearNode>
               <ControlLinearNode>
                  <t>0.554000</t>
                  <value>-0.328114</value>
               </ControlLinearNode>
               <ControlLinearNode>
                  <t>0.564000</t>
                  <value>-0.573897</value>
               </ControlLinearNode>
               <ControlLinearNode>
                  <t>0.574000</t>
                  <value>-0.733797</value>
               </ControlLinearNode>
               <ControlLinearNode>
                  <t>0.584000</t>
                  <value>-0.789548</value>
               </ControlLinearNode>
               <ControlLinearNode>
                  <t>0.594000</t>
                  <value>-0.728005</value>
               </ControlLinearNode>
               <ControlLinearNode>
                  <t>0.604000</t>
                  <value>-0.543173</value>
               </ControlLinearNode>
               <ControlLinearNode>
                  <t>0.614000</t>
                  <value>-0.237321</value>
               </ControlLinearNode>
               <ControlLinearNode>
                  <t>0.624000</t>
                  <value>0.179488</value>
               </ControlLinearNode>
               <ControlLinearNode>
                  <t>0.634000</t>
                  <value>0.690394</value>
               </ControlLinearNode>
               <ControlLinearNode>
                  <t>0.644000</t>
                  <value>1.273019</value>
               </ControlLinearNode>
               <ControlLinearNode>
                  <t>0.654000</t>
                  <value>1.900883</value>
               </ControlLinearNode>
               <ControlLinearNode>
                  <t>0.664000</t>
                  <value>2.545113</value>
               </ControlLinearNode>
               <ControlLinearNode>
                  <t>0.674000</t>
                  <value>3.176682</value>
               </ControlLinearNode>
               <ControlLinearNode>
                  <t>0.684000</t>
                  <value>3.769044</value>
               </ControlLinearNode>
               <ControlLinearNode>
                  <t>0.694000</t>
                  <value>4.300619</value>
               </ControlLinearNode>
               <ControlLinearNode>
                  <t>0.704000</t>
                  <value>4.756633</value>
               </ControlLinearNode>
               <ControlLinearNode>
                  <t>0.714000</t>
                  <value>5.129972</value>
               </ControlLinearNode>
               <ControlLinearNode>
                  <t>0.724000</t>
                  <value>5.420966</value>
               </ControlLinearNode>
               <ControlLinearNode>
                  <t>0.734000</t>
                  <value>5.636451</value>
               </ControlLinearNode>
               <ControlLinearNode>
                  <t>0.744000</t>
                  <value>6.130196</value>
               </ControlLinearNode>
               <ControlLinearNode>
                  <t>0.754000</t>
                  <value>6.472036</value>
               </ControlLinearNode>
               <ControlLinearNode>
                  <t>0.764000</t>
                  <value>6.708506</value>
               </ControlLinearNode>
               <ControlLinearNode>
                  <t>0.774000</t>
                  <value>6.892997</value>
               </ControlLinearNode>
               <ControlLinearNode>
                  <t>0.784000</t>
                  <value>7.072889</value>
               </ControlLinearNode>
               <ControlLinearNode>
                  <t>0.794000</t>
                  <value>7.286334</value>
               </ControlLinearNode>
               <ControlLinearNode>
                  <t>0.804000</t>
                  <value>7.560612</value>
               </ControlLinearNode>
               <ControlLinearNode>
                  <t>0.814000</t>
                  <value>7.912075</value>
               </ControlLinearNode>
               <ControlLinearNode>
                  <t>0.824000</t>
                  <value>8.347444</value>
               </ControlLinearNode>
               <ControlLinearNode>
                  <t>0.834000</t>
                  <value>8.866081</value>
               </ControlLinearNode>
               <ControlLinearNode>
                  <t>0.844000</t>
                  <value>9.462665</value>
               </ControlLinearNode>
               <ControlLinearNode>
                  <t>0.854000</t>
                  <value>10.129741</value>
               </ControlLinearNode>
               <ControlLinearNode>
                  <t>0.864000</t>
                  <value>10.859695</value>
               </ControlLinearNode>
               <ControlLinearNode>
                  <t>0.874000</t>
                  <value>11.645931</value>
               </ControlLinearNode>
               <ControlLinearNode>
                  <t>0.884000</t>
                  <value>12.483199</value>
               </ControlLinearNode>
               <ControlLinearNode>
                  <t>0.894000</t>
                  <value>13.367144</value>
               </ControlLinearNode>
               <ControlLinearNode>
                  <t>0.904000</t>
                  <value>14.293069</value>
               </ControlLinearNode>
               <ControlLinearNode>
                  <t>0.914000</t>
                  <value>15.254280</value>
               </ControlLinearNode>
               <ControlLinearNode>
                  <t>0.924000</t>
                  <value>16.240337</value>
               </ControlLinearNode>
               <ControlLinearNode>
                  <t>0.934000</t>
                  <value>17.235517</value>
               </ControlLinearNode>
               <ControlLinearNode>
                  <t>0.944000</t>
                  <value>18.217759</value>
               </ControlLinearNode>
               <ControlLinearNode>
                  <t>0.954000</t>
                  <value>19.158323</value>
               </ControlLinearNode>
               <ControlLinearNode>
                  <t>0.964000</t>
                  <value>20.022466</value>
               </ControlLinearNode>
               <ControlLinearNode>
                  <t>0.974000</t>
                  <value>21.464994</value>
               </ControlLinearNode>
               <ControlLinearNode>
                  <t>0.984000</t>
                  <value>22.065460</value>
               </ControlLinearNode>
               <ControlLinearNode>
                  <t>0.994000</t>
                  <value>22.575628</value>
               </ControlLinearNode>
               <ControlLinearNode>
                  <t>1.004000</t>
                  <value>22.985948</value>
               </ControlLinearNode>
               <ControlLinearNode>
                  <t>1.014000</t>
                  <value>23.293070</value>
               </ControlLinearNode>
               <ControlLinearNode>
                  <t>1.024000</t>
                  <value>23.478306</value>
               </ControlLinearNode>
               <ControlLinearNode>
                  <t>1.034000</t>
                  <value>23.512155</value>
               </ControlLinearNode>
               <ControlLinearNode>
                  <t>1.044000</t>
                  <value>23.369600</value>
               </ControlLinearNode>
               <ControlLinearNode>
                  <t>1.054000</t>
                  <value>23.020495</value>
               </ControlLinearNode>
               <ControlLinearNode>
                  <t>1.064000</t>
                  <value>22.408525</value>
               </ControlLinearNode>
               <ControlLinearNode>
                  <t>1.074000</t>
                  <value>21.480273</value>
               </ControlLinearNode>
               <ControlLinearNode>
                  <t>1.082300</t>
                  <value>20.484864</value>
               </ControlLinearNode>
            </max_nodes>
            <kp>100</kp>
            <kv>100</kv>
         </ControlLinear>
		 <ControlLinear name="lAFO_torq_gen.excitation">
            <is_model_control>true</is_model_control>
            <extrapolate>false</extrapolate>
            <default_min>-1</default_min>
            <default_max>25</default_max>
            <filter_on>true</filter_on>
            <use_steps>false</use_steps>
            <x_nodes>
               <ControlLinearNode>
                  <t>0.133000</t>
                  <value>2.258930</value>
               </ControlLinearNode>
               <ControlLinearNode>
                  <t>0.143000</t>
                  <value>2.559229</value>
               </ControlLinearNode>
               <ControlLinearNode>
                  <t>0.153000</t>
                  <value>2.860737</value>
               </ControlLinearNode>
               <ControlLinearNode>
                  <t>0.163000</t>
                  <value>3.164239</value>
               </ControlLinearNode>
               <ControlLinearNode>
                  <t>0.173000</t>
                  <value>3.469657</value>
               </ControlLinearNode>
               <ControlLinearNode>
                  <t>0.183000</t>
                  <value>3.776202</value>
               </ControlLinearNode>
               <ControlLinearNode>
                  <t>0.193000</t>
                  <value>4.082530</value>
               </ControlLinearNode>
               <ControlLinearNode>
                  <t>0.203000</t>
                  <value>4.386964</value>
               </ControlLinearNode>
               <ControlLinearNode>
                  <t>0.213000</t>
                  <value>4.687741</value>
               </ControlLinearNode>
               <ControlLinearNode>
                  <t>0.223000</t>
                  <value>4.983240</value>
               </ControlLinearNode>
               <ControlLinearNode>
                  <t>0.233000</t>
                  <value>5.272236</value>
               </ControlLinearNode>
               <ControlLinearNode>
                  <t>0.243000</t>
                  <value>5.554127</value>
               </ControlLinearNode>
               <ControlLinearNode>
                  <t>0.253000</t>
                  <value>6.264861</value>
               </ControlLinearNode>
               <ControlLinearNode>
                  <t>0.263000</t>
                  <value>7.153453</value>
               </ControlLinearNode>
               <ControlLinearNode>
                  <t>0.273000</t>
                  <value>8.026655</value>
               </ControlLinearNode>
               <ControlLinearNode>
                  <t>0.283000</t>
                  <value>8.890041</value>
               </ControlLinearNode>
               <ControlLinearNode>
                  <t>0.293000</t>
                  <value>9.748912</value>
               </ControlLinearNode>
               <ControlLinearNode>
                  <t>0.303000</t>
                  <value>10.607002</value>
               </ControlLinearNode>
               <ControlLinearNode>
                  <t>0.313000</t>
                  <value>11.465228</value>
               </ControlLinearNode>
               <ControlLinearNode>
                  <t>0.323000</t>
                  <value>12.320743</value>
               </ControlLinearNode>
               <ControlLinearNode>
                  <t>0.333000</t>
                  <value>13.166446</value>
               </ControlLinearNode>
               <ControlLinearNode>
                  <t>0.343000</t>
                  <value>13.991159</value>
               </ControlLinearNode>
               <ControlLinearNode>
                  <t>0.353000</t>
                  <value>14.780672</value>
               </ControlLinearNode>
               <ControlLinearNode>
                  <t>0.363000</t>
                  <value>15.519658</value>
               </ControlLinearNode>
               <ControlLinearNode>
                  <t>0.373000</t>
                  <value>16.194319</value>
               </ControlLinearNode>
               <ControlLinearNode>
                  <t>0.383000</t>
                  <value>16.795419</value>
               </ControlLinearNode>
               <ControlLinearNode>
                  <t>0.393000</t>
                  <value>17.321366</value>
               </ControlLinearNode>
               <ControlLinearNode>
                  <t>0.403000</t>
                  <value>17.780750</value>
               </ControlLinearNode>
               <ControlLinearNode>
                  <t>0.413000</t>
                  <value>18.193661</value>
               </ControlLinearNode>
               <ControlLinearNode>
                  <t>0.423000</t>
                  <value>18.591286</value>
               </ControlLinearNode>
               <ControlLinearNode>
                  <t>0.433000</t>
                  <value>19.013391</value>
               </ControlLinearNode>
               <ControlLinearNode>
                  <t>0.443000</t>
                  <value>19.503340</value>
               </ControlLinearNode>
               <ControlLinearNode>
                  <t>0.453000</t>
                  <value>20.100932</value>
               </ControlLinearNode>
               <ControlLinearNode>
                  <t>0.463000</t>
                  <value>21.717446</value>
               </ControlLinearNode>
               <ControlLinearNode>
                  <t>0.473000</t>
                  <value>22.403015</value>
               </ControlLinearNode>
               <ControlLinearNode>
                  <t>0.483000</t>
                  <value>23.060039</value>
               </ControlLinearNode>
               <ControlLinearNode>
                  <t>0.493000</t>
                  <value>23.660242</value>
               </ControlLinearNode>
               <ControlLinearNode>
                  <t>0.503000</t>
                  <value>24.162221</value>
               </ControlLinearNode>
               <ControlLinearNode>
                  <t>0.513000</t>
                  <value>24.509454</value>
               </ControlLinearNode>
               <ControlLinearNode>
                  <t>0.523000</t>
                  <value>24.637395</value>
               </ControlLinearNode>
               <ControlLinearNode>
                  <t>0.533000</t>
                  <value>24.476979</value>
               </ControlLinearNode>
               <ControlLinearNode>
                  <t>0.543000</t>
                  <value>23.944003</value>
               </ControlLinearNode>
               <ControlLinearNode>
                  <t>0.553000</t>
                  <value>22.941424</value>
               </ControlLinearNode>
               <ControlLinearNode>
                  <t>0.563000</t>
                  <value>21.375660</value>
               </ControlLinearNode>
               <ControlLinearNode>
                  <t>0.573000</t>
                  <value>19.194031</value>
               </ControlLinearNode>
               <ControlLinearNode>
                  <t>0.583000</t>
                  <value>16.400798</value>
               </ControlLinearNode>
               <ControlLinearNode>
                  <t>0.593000</t>
                  <value>13.083247</value>
               </ControlLinearNode>
               <ControlLinearNode>
                  <t>0.603000</t>
                  <value>9.479257</value>
               </ControlLinearNode>
               <ControlLinearNode>
                  <t>0.613000</t>
                  <value>5.975686</value>
               </ControlLinearNode>
               <ControlLinearNode>
                  <t>0.623000</t>
                  <value>3.016826</value>
               </ControlLinearNode>
               <ControlLinearNode>
                  <t>0.633000</t>
                  <value>0.974539</value>
               </ControlLinearNode>
               <ControlLinearNode>
                  <t>0.633492</t>
                  <value>0.900000</value>
               </ControlLinearNode>
               <ControlLinearNode>
                  <t>0.633492</t>
                  <value>0.900000</value>
               </ControlLinearNode>
               <ControlLinearNode>
                  <t>0.641421</t>
                  <value>0.000000</value>
               </ControlLinearNode>
               <ControlLinearNode>
                  <t>0.641421</t>
                  <value>-0.000000</value>
               </ControlLinearNode>
               <ControlLinearNode>
                  <t>0.651421</t>
                  <value>-0.574963</value>
               </ControlLinearNode>
               <ControlLinearNode>
                  <t>0.661421</t>
                  <value>-0.802370</value>
               </ControlLinearNode>
               <ControlLinearNode>
                  <t>0.671421</t>
                  <value>-0.835767</value>
               </ControlLinearNode>
               <ControlLinearNode>
                  <t>0.681421</t>
                  <value>-0.764673</value>
               </ControlLinearNode>
               <ControlLinearNode>
                  <t>0.691421</t>
                  <value>-0.746655</value>
               </ControlLinearNode>
               <ControlLinearNode>
                  <t>0.701421</t>
                  <value>-0.722510</value>
               </ControlLinearNode>
               <ControlLinearNode>
                  <t>0.711421</t>
                  <value>-0.679786</value>
               </ControlLinearNode>
               <ControlLinearNode>
                  <t>0.721421</t>
                  <value>-0.618680</value>
               </ControlLinearNode>
               <ControlLinearNode>
                  <t>0.731421</t>
                  <value>-0.546200</value>
               </ControlLinearNode>
               <ControlLinearNode>
                  <t>0.741421</t>
                  <value>-0.468049</value>
               </ControlLinearNode>
               <ControlLinearNode>
                  <t>0.751421</t>
                  <value>-0.391441</value>
               </ControlLinearNode>
               <ControlLinearNode>
                  <t>0.761421</t>
                  <value>-0.322896</value>
               </ControlLinearNode>
               <ControlLinearNode>
                  <t>0.771421</t>
                  <value>-0.267531</value>
               </ControlLinearNode>
               <ControlLinearNode>
                  <t>0.781421</t>
                  <value>-0.228311</value>
               </ControlLinearNode>
               <ControlLinearNode>
                  <t>0.791421</t>
                  <value>-0.205663</value>
               </ControlLinearNode>
               <ControlLinearNode>
                  <t>0.801421</t>
                  <value>-0.197566</value>
               </ControlLinearNode>
               <ControlLinearNode>
                  <t>0.811421</t>
                  <value>-0.200436</value>
               </ControlLinearNode>
               <ControlLinearNode>
                  <t>0.821421</t>
                  <value>-0.210457</value>
               </ControlLinearNode>
               <ControlLinearNode>
                  <t>0.831421</t>
                  <value>-0.224232</value>
               </ControlLinearNode>
               <ControlLinearNode>
                  <t>0.841421</t>
                  <value>-0.239198</value>
               </ControlLinearNode>
               <ControlLinearNode>
                  <t>0.851421</t>
                  <value>-0.253667</value>
               </ControlLinearNode>
               <ControlLinearNode>
                  <t>0.861421</t>
                  <value>-0.266052</value>
               </ControlLinearNode>
               <ControlLinearNode>
                  <t>0.871421</t>
                  <value>-0.276492</value>
               </ControlLinearNode>
               <ControlLinearNode>
                  <t>0.881421</t>
                  <value>-0.285162</value>
               </ControlLinearNode>
               <ControlLinearNode>
                  <t>0.891421</t>
                  <value>-0.291996</value>
               </ControlLinearNode>
               <ControlLinearNode>
                  <t>0.901421</t>
                  <value>-0.296649</value>
               </ControlLinearNode>
               <ControlLinearNode>
                  <t>0.911421</t>
                  <value>-0.298136</value>
               </ControlLinearNode>
               <ControlLinearNode>
                  <t>0.921421</t>
                  <value>-0.294742</value>
               </ControlLinearNode>
               <ControlLinearNode>
                  <t>0.931421</t>
                  <value>-0.284417</value>
               </ControlLinearNode>
               <ControlLinearNode>
                  <t>0.941421</t>
                  <value>-0.264864</value>
               </ControlLinearNode>
               <ControlLinearNode>
                  <t>0.951421</t>
                  <value>-0.237251</value>
               </ControlLinearNode>
               <ControlLinearNode>
                  <t>0.961421</t>
                  <value>-0.197624</value>
               </ControlLinearNode>
               <ControlLinearNode>
                  <t>0.971421</t>
                  <value>-0.146057</value>
               </ControlLinearNode>
               <ControlLinearNode>
                  <t>0.981421</t>
                  <value>-0.085634</value>
               </ControlLinearNode>
               <ControlLinearNode>
                  <t>0.991421</t>
                  <value>-0.021578</value>
               </ControlLinearNode>
               <ControlLinearNode>
                  <t>0.994865</t>
                  <value>-0.000000</value>
               </ControlLinearNode>
               <ControlLinearNode>
                  <t>0.994865</t>
                  <value>0.000000</value>
               </ControlLinearNode>
               <ControlLinearNode>
                  <t>1.004865</t>
                  <value>0.055656</value>
               </ControlLinearNode>
               <ControlLinearNode>
                  <t>1.014865</t>
                  <value>0.094650</value>
               </ControlLinearNode>
               <ControlLinearNode>
                  <t>1.024865</t>
                  <value>0.110472</value>
               </ControlLinearNode>
               <ControlLinearNode>
                  <t>1.034865</t>
                  <value>0.099429</value>
               </ControlLinearNode>
               <ControlLinearNode>
                  <t>1.044865</t>
                  <value>0.061387</value>
               </ControlLinearNode>
               <ControlLinearNode>
                  <t>1.054862</t>
                  <value>0.000000</value>
               </ControlLinearNode>
               <ControlLinearNode>
                  <t>1.054862</t>
                  <value>-0.000000</value>
               </ControlLinearNode>
               <ControlLinearNode>
                  <t>1.064862</t>
                  <value>-0.077989</value>
               </ControlLinearNode>
               <ControlLinearNode>
                  <t>1.074862</t>
                  <value>-0.164233</value>
               </ControlLinearNode>
               <ControlLinearNode>
                  <t>1.082300</t>
                  <value>-0.229264</value>
               </ControlLinearNode>
            </x_nodes>
            <min_nodes>
               <ControlLinearNode>
                  <t>0.133000</t>
                  <value>2.258930</value>
               </ControlLinearNode>
               <ControlLinearNode>
                  <t>0.143000</t>
                  <value>2.559229</value>
               </ControlLinearNode>
               <ControlLinearNode>
                  <t>0.153000</t>
                  <value>2.860737</value>
               </ControlLinearNode>
               <ControlLinearNode>
                  <t>0.163000</t>
                  <value>3.164239</value>
               </ControlLinearNode>
               <ControlLinearNode>
                  <t>0.173000</t>
                  <value>3.469657</value>
               </ControlLinearNode>
               <ControlLinearNode>
                  <t>0.183000</t>
                  <value>3.776202</value>
               </ControlLinearNode>
               <ControlLinearNode>
                  <t>0.193000</t>
                  <value>4.082530</value>
               </ControlLinearNode>
               <ControlLinearNode>
                  <t>0.203000</t>
                  <value>4.386964</value>
               </ControlLinearNode>
               <ControlLinearNode>
                  <t>0.213000</t>
                  <value>4.687741</value>
               </ControlLinearNode>
               <ControlLinearNode>
                  <t>0.223000</t>
                  <value>4.983240</value>
               </ControlLinearNode>
               <ControlLinearNode>
                  <t>0.233000</t>
                  <value>5.272236</value>
               </ControlLinearNode>
               <ControlLinearNode>
                  <t>0.243000</t>
                  <value>5.554127</value>
               </ControlLinearNode>
               <ControlLinearNode>
                  <t>0.253000</t>
                  <value>6.264861</value>
               </ControlLinearNode>
               <ControlLinearNode>
                  <t>0.263000</t>
                  <value>7.153453</value>
               </ControlLinearNode>
               <ControlLinearNode>
                  <t>0.273000</t>
                  <value>8.026655</value>
               </ControlLinearNode>
               <ControlLinearNode>
                  <t>0.283000</t>
                  <value>8.890041</value>
               </ControlLinearNode>
               <ControlLinearNode>
                  <t>0.293000</t>
                  <value>9.748912</value>
               </ControlLinearNode>
               <ControlLinearNode>
                  <t>0.303000</t>
                  <value>10.607002</value>
               </ControlLinearNode>
               <ControlLinearNode>
                  <t>0.313000</t>
                  <value>11.465228</value>
               </ControlLinearNode>
               <ControlLinearNode>
                  <t>0.323000</t>
                  <value>12.320743</value>
               </ControlLinearNode>
               <ControlLinearNode>
                  <t>0.333000</t>
                  <value>13.166446</value>
               </ControlLinearNode>
               <ControlLinearNode>
                  <t>0.343000</t>
                  <value>13.991159</value>
               </ControlLinearNode>
               <ControlLinearNode>
                  <t>0.353000</t>
                  <value>14.780672</value>
               </ControlLinearNode>
               <ControlLinearNode>
                  <t>0.363000</t>
                  <value>15.519658</value>
               </ControlLinearNode>
               <ControlLinearNode>
                  <t>0.373000</t>
                  <value>16.194319</value>
               </ControlLinearNode>
               <ControlLinearNode>
                  <t>0.383000</t>
                  <value>16.795419</value>
               </ControlLinearNode>
               <ControlLinearNode>
                  <t>0.393000</t>
                  <value>17.321366</value>
               </ControlLinearNode>
               <ControlLinearNode>
                  <t>0.403000</t>
                  <value>17.780750</value>
               </ControlLinearNode>
               <ControlLinearNode>
                  <t>0.413000</t>
                  <value>18.193661</value>
               </ControlLinearNode>
               <ControlLinearNode>
                  <t>0.423000</t>
                  <value>18.591286</value>
               </ControlLinearNode>
               <ControlLinearNode>
                  <t>0.433000</t>
                  <value>19.013391</value>
               </ControlLinearNode>
               <ControlLinearNode>
                  <t>0.443000</t>
                  <value>19.503340</value>
               </ControlLinearNode>
               <ControlLinearNode>
                  <t>0.453000</t>
                  <value>20.100932</value>
               </ControlLinearNode>
               <ControlLinearNode>
                  <t>0.463000</t>
                  <value>21.717446</value>
               </ControlLinearNode>
               <ControlLinearNode>
                  <t>0.473000</t>
                  <value>22.403015</value>
               </ControlLinearNode>
               <ControlLinearNode>
                  <t>0.483000</t>
                  <value>23.060039</value>
               </ControlLinearNode>
               <ControlLinearNode>
                  <t>0.493000</t>
                  <value>23.660242</value>
               </ControlLinearNode>
               <ControlLinearNode>
                  <t>0.503000</t>
                  <value>24.162221</value>
               </ControlLinearNode>
               <ControlLinearNode>
                  <t>0.513000</t>
                  <value>24.509454</value>
               </ControlLinearNode>
               <ControlLinearNode>
                  <t>0.523000</t>
                  <value>24.637395</value>
               </ControlLinearNode>
               <ControlLinearNode>
                  <t>0.533000</t>
                  <value>24.476979</value>
               </ControlLinearNode>
               <ControlLinearNode>
                  <t>0.543000</t>
                  <value>23.944003</value>
               </ControlLinearNode>
               <ControlLinearNode>
                  <t>0.553000</t>
                  <value>22.941424</value>
               </ControlLinearNode>
               <ControlLinearNode>
                  <t>0.563000</t>
                  <value>21.375660</value>
               </ControlLinearNode>
               <ControlLinearNode>
                  <t>0.573000</t>
                  <value>19.194031</value>
               </ControlLinearNode>
               <ControlLinearNode>
                  <t>0.583000</t>
                  <value>16.400798</value>
               </ControlLinearNode>
               <ControlLinearNode>
                  <t>0.593000</t>
                  <value>13.083247</value>
               </ControlLinearNode>
               <ControlLinearNode>
                  <t>0.603000</t>
                  <value>9.479257</value>
               </ControlLinearNode>
               <ControlLinearNode>
                  <t>0.613000</t>
                  <value>5.975686</value>
               </ControlLinearNode>
               <ControlLinearNode>
                  <t>0.623000</t>
                  <value>3.016826</value>
               </ControlLinearNode>
               <ControlLinearNode>
                  <t>0.633000</t>
                  <value>0.974539</value>
               </ControlLinearNode>
               <ControlLinearNode>
                  <t>0.633492</t>
                  <value>0.900000</value>
               </ControlLinearNode>
               <ControlLinearNode>
                  <t>0.633492</t>
                  <value>0.900000</value>
               </ControlLinearNode>
               <ControlLinearNode>
                  <t>0.641421</t>
                  <value>0.000000</value>
               </ControlLinearNode>
               <ControlLinearNode>
                  <t>0.641421</t>
                  <value>-0.000000</value>
               </ControlLinearNode>
               <ControlLinearNode>
                  <t>0.651421</t>
                  <value>-0.574963</value>
               </ControlLinearNode>
               <ControlLinearNode>
                  <t>0.661421</t>
                  <value>-0.802370</value>
               </ControlLinearNode>
               <ControlLinearNode>
                  <t>0.671421</t>
                  <value>-0.835767</value>
               </ControlLinearNode>
               <ControlLinearNode>
                  <t>0.681421</t>
                  <value>-0.764673</value>
               </ControlLinearNode>
               <ControlLinearNode>
                  <t>0.691421</t>
                  <value>-0.746655</value>
               </ControlLinearNode>
               <ControlLinearNode>
                  <t>0.701421</t>
                  <value>-0.722510</value>
               </ControlLinearNode>
               <ControlLinearNode>
                  <t>0.711421</t>
                  <value>-0.679786</value>
               </ControlLinearNode>
               <ControlLinearNode>
                  <t>0.721421</t>
                  <value>-0.618680</value>
               </ControlLinearNode>
               <ControlLinearNode>
                  <t>0.731421</t>
                  <value>-0.546200</value>
               </ControlLinearNode>
               <ControlLinearNode>
                  <t>0.741421</t>
                  <value>-0.468049</value>
               </ControlLinearNode>
               <ControlLinearNode>
                  <t>0.751421</t>
                  <value>-0.391441</value>
               </ControlLinearNode>
               <ControlLinearNode>
                  <t>0.761421</t>
                  <value>-0.322896</value>
               </ControlLinearNode>
               <ControlLinearNode>
                  <t>0.771421</t>
                  <value>-0.267531</value>
               </ControlLinearNode>
               <ControlLinearNode>
                  <t>0.781421</t>
                  <value>-0.228311</value>
               </ControlLinearNode>
               <ControlLinearNode>
                  <t>0.791421</t>
                  <value>-0.205663</value>
               </ControlLinearNode>
               <ControlLinearNode>
                  <t>0.801421</t>
                  <value>-0.197566</value>
               </ControlLinearNode>
               <ControlLinearNode>
                  <t>0.811421</t>
                  <value>-0.200436</value>
               </ControlLinearNode>
               <ControlLinearNode>
                  <t>0.821421</t>
                  <value>-0.210457</value>
               </ControlLinearNode>
               <ControlLinearNode>
                  <t>0.831421</t>
                  <value>-0.224232</value>
               </ControlLinearNode>
               <ControlLinearNode>
                  <t>0.841421</t>
                  <value>-0.239198</value>
               </ControlLinearNode>
               <ControlLinearNode>
                  <t>0.851421</t>
                  <value>-0.253667</value>
               </ControlLinearNode>
               <ControlLinearNode>
                  <t>0.861421</t>
                  <value>-0.266052</value>
               </ControlLinearNode>
               <ControlLinearNode>
                  <t>0.871421</t>
                  <value>-0.276492</value>
               </ControlLinearNode>
               <ControlLinearNode>
                  <t>0.881421</t>
                  <value>-0.285162</value>
               </ControlLinearNode>
               <ControlLinearNode>
                  <t>0.891421</t>
                  <value>-0.291996</value>
               </ControlLinearNode>
               <ControlLinearNode>
                  <t>0.901421</t>
                  <value>-0.296649</value>
               </ControlLinearNode>
               <ControlLinearNode>
                  <t>0.911421</t>
                  <value>-0.298136</value>
               </ControlLinearNode>
               <ControlLinearNode>
                  <t>0.921421</t>
                  <value>-0.294742</value>
               </ControlLinearNode>
               <ControlLinearNode>
                  <t>0.931421</t>
                  <value>-0.284417</value>
               </ControlLinearNode>
               <ControlLinearNode>
                  <t>0.941421</t>
                  <value>-0.264864</value>
               </ControlLinearNode>
               <ControlLinearNode>
                  <t>0.951421</t>
                  <value>-0.237251</value>
               </ControlLinearNode>
               <ControlLinearNode>
                  <t>0.961421</t>
                  <value>-0.197624</value>
               </ControlLinearNode>
               <ControlLinearNode>
                  <t>0.971421</t>
                  <value>-0.146057</value>
               </ControlLinearNode>
               <ControlLinearNode>
                  <t>0.981421</t>
                  <value>-0.085634</value>
               </ControlLinearNode>
               <ControlLinearNode>
                  <t>0.991421</t>
                  <value>-0.021578</value>
               </ControlLinearNode>
               <ControlLinearNode>
                  <t>0.994865</t>
                  <value>-0.000000</value>
               </ControlLinearNode>
               <ControlLinearNode>
                  <t>0.994865</t>
                  <value>0.000000</value>
               </ControlLinearNode>
               <ControlLinearNode>
                  <t>1.004865</t>
                  <value>0.055656</value>
               </ControlLinearNode>
               <ControlLinearNode>
                  <t>1.014865</t>
                  <value>0.094650</value>
               </ControlLinearNode>
               <ControlLinearNode>
                  <t>1.024865</t>
                  <value>0.110472</value>
               </ControlLinearNode>
               <ControlLinearNode>
                  <t>1.034865</t>
                  <value>0.099429</value>
               </ControlLinearNode>
               <ControlLinearNode>
                  <t>1.044865</t>
                  <value>0.061387</value>
               </ControlLinearNode>
               <ControlLinearNode>
                  <t>1.054862</t>
                  <value>0.000000</value>
               </ControlLinearNode>
               <ControlLinearNode>
                  <t>1.054862</t>
                  <value>-0.000000</value>
               </ControlLinearNode>
               <ControlLinearNode>
                  <t>1.064862</t>
                  <value>-0.077989</value>
               </ControlLinearNode>
               <ControlLinearNode>
                  <t>1.074862</t>
                  <value>-0.164233</value>
               </ControlLinearNode>
               <ControlLinearNode>
                  <t>1.082300</t>
                  <value>-0.229264</value>
               </ControlLinearNode>
            </min_nodes>
            <max_nodes>
               <ControlLinearNode>
                  <t>0.133000</t>
                  <value>2.258930</value>
               </ControlLinearNode>
               <ControlLinearNode>
                  <t>0.143000</t>
                  <value>2.559229</value>
               </ControlLinearNode>
               <ControlLinearNode>
                  <t>0.153000</t>
                  <value>2.860737</value>
               </ControlLinearNode>
               <ControlLinearNode>
                  <t>0.163000</t>
                  <value>3.164239</value>
               </ControlLinearNode>
               <ControlLinearNode>
                  <t>0.173000</t>
                  <value>3.469657</value>
               </ControlLinearNode>
               <ControlLinearNode>
                  <t>0.183000</t>
                  <value>3.776202</value>
               </ControlLinearNode>
               <ControlLinearNode>
                  <t>0.193000</t>
                  <value>4.082530</value>
               </ControlLinearNode>
               <ControlLinearNode>
                  <t>0.203000</t>
                  <value>4.386964</value>
               </ControlLinearNode>
               <ControlLinearNode>
                  <t>0.213000</t>
                  <value>4.687741</value>
               </ControlLinearNode>
               <ControlLinearNode>
                  <t>0.223000</t>
                  <value>4.983240</value>
               </ControlLinearNode>
               <ControlLinearNode>
                  <t>0.233000</t>
                  <value>5.272236</value>
               </ControlLinearNode>
               <ControlLinearNode>
                  <t>0.243000</t>
                  <value>5.554127</value>
               </ControlLinearNode>
               <ControlLinearNode>
                  <t>0.253000</t>
                  <value>6.264861</value>
               </ControlLinearNode>
               <ControlLinearNode>
                  <t>0.263000</t>
                  <value>7.153453</value>
               </ControlLinearNode>
               <ControlLinearNode>
                  <t>0.273000</t>
                  <value>8.026655</value>
               </ControlLinearNode>
               <ControlLinearNode>
                  <t>0.283000</t>
                  <value>8.890041</value>
               </ControlLinearNode>
               <ControlLinearNode>
                  <t>0.293000</t>
                  <value>9.748912</value>
               </ControlLinearNode>
               <ControlLinearNode>
                  <t>0.303000</t>
                  <value>10.607002</value>
               </ControlLinearNode>
               <ControlLinearNode>
                  <t>0.313000</t>
                  <value>11.465228</value>
               </ControlLinearNode>
               <ControlLinearNode>
                  <t>0.323000</t>
                  <value>12.320743</value>
               </ControlLinearNode>
               <ControlLinearNode>
                  <t>0.333000</t>
                  <value>13.166446</value>
               </ControlLinearNode>
               <ControlLinearNode>
                  <t>0.343000</t>
                  <value>13.991159</value>
               </ControlLinearNode>
               <ControlLinearNode>
                  <t>0.353000</t>
                  <value>14.780672</value>
               </ControlLinearNode>
               <ControlLinearNode>
                  <t>0.363000</t>
                  <value>15.519658</value>
               </ControlLinearNode>
               <ControlLinearNode>
                  <t>0.373000</t>
                  <value>16.194319</value>
               </ControlLinearNode>
               <ControlLinearNode>
                  <t>0.383000</t>
                  <value>16.795419</value>
               </ControlLinearNode>
               <ControlLinearNode>
                  <t>0.393000</t>
                  <value>17.321366</value>
               </ControlLinearNode>
               <ControlLinearNode>
                  <t>0.403000</t>
                  <value>17.780750</value>
               </ControlLinearNode>
               <ControlLinearNode>
                  <t>0.413000</t>
                  <value>18.193661</value>
               </ControlLinearNode>
               <ControlLinearNode>
                  <t>0.423000</t>
                  <value>18.591286</value>
               </ControlLinearNode>
               <ControlLinearNode>
                  <t>0.433000</t>
                  <value>19.013391</value>
               </ControlLinearNode>
               <ControlLinearNode>
                  <t>0.443000</t>
                  <value>19.503340</value>
               </ControlLinearNode>
               <ControlLinearNode>
                  <t>0.453000</t>
                  <value>20.100932</value>
               </ControlLinearNode>
               <ControlLinearNode>
                  <t>0.463000</t>
                  <value>21.717446</value>
               </ControlLinearNode>
               <ControlLinearNode>
                  <t>0.473000</t>
                  <value>22.403015</value>
               </ControlLinearNode>
               <ControlLinearNode>
                  <t>0.483000</t>
                  <value>23.060039</value>
               </ControlLinearNode>
               <ControlLinearNode>
                  <t>0.493000</t>
                  <value>23.660242</value>
               </ControlLinearNode>
               <ControlLinearNode>
                  <t>0.503000</t>
                  <value>24.162221</value>
               </ControlLinearNode>
               <ControlLinearNode>
                  <t>0.513000</t>
                  <value>24.509454</value>
               </ControlLinearNode>
               <ControlLinearNode>
                  <t>0.523000</t>
                  <value>24.637395</value>
               </ControlLinearNode>
               <ControlLinearNode>
                  <t>0.533000</t>
                  <value>24.476979</value>
               </ControlLinearNode>
               <ControlLinearNode>
                  <t>0.543000</t>
                  <value>23.944003</value>
               </ControlLinearNode>
               <ControlLinearNode>
                  <t>0.553000</t>
                  <value>22.941424</value>
               </ControlLinearNode>
               <ControlLinearNode>
                  <t>0.563000</t>
                  <value>21.375660</value>
               </ControlLinearNode>
               <ControlLinearNode>
                  <t>0.573000</t>
                  <value>19.194031</value>
               </ControlLinearNode>
               <ControlLinearNode>
                  <t>0.583000</t>
                  <value>16.400798</value>
               </ControlLinearNode>
               <ControlLinearNode>
                  <t>0.593000</t>
                  <value>13.083247</value>
               </ControlLinearNode>
               <ControlLinearNode>
                  <t>0.603000</t>
                  <value>9.479257</value>
               </ControlLinearNode>
               <ControlLinearNode>
                  <t>0.613000</t>
                  <value>5.975686</value>
               </ControlLinearNode>
               <ControlLinearNode>
                  <t>0.623000</t>
                  <value>3.016826</value>
               </ControlLinearNode>
               <ControlLinearNode>
                  <t>0.633000</t>
                  <value>0.974539</value>
               </ControlLinearNode>
               <ControlLinearNode>
                  <t>0.633492</t>
                  <value>0.900000</value>
               </ControlLinearNode>
               <ControlLinearNode>
                  <t>0.633492</t>
                  <value>0.900000</value>
               </ControlLinearNode>
               <ControlLinearNode>
                  <t>0.641421</t>
                  <value>0.000000</value>
               </ControlLinearNode>
               <ControlLinearNode>
                  <t>0.641421</t>
                  <value>-0.000000</value>
               </ControlLinearNode>
               <ControlLinearNode>
                  <t>0.651421</t>
                  <value>-0.574963</value>
               </ControlLinearNode>
               <ControlLinearNode>
                  <t>0.661421</t>
                  <value>-0.802370</value>
               </ControlLinearNode>
               <ControlLinearNode>
                  <t>0.671421</t>
                  <value>-0.835767</value>
               </ControlLinearNode>
               <ControlLinearNode>
                  <t>0.681421</t>
                  <value>-0.764673</value>
               </ControlLinearNode>
               <ControlLinearNode>
                  <t>0.691421</t>
                  <value>-0.746655</value>
               </ControlLinearNode>
               <ControlLinearNode>
                  <t>0.701421</t>
                  <value>-0.722510</value>
               </ControlLinearNode>
               <ControlLinearNode>
                  <t>0.711421</t>
                  <value>-0.679786</value>
               </ControlLinearNode>
               <ControlLinearNode>
                  <t>0.721421</t>
                  <value>-0.618680</value>
               </ControlLinearNode>
               <ControlLinearNode>
                  <t>0.731421</t>
                  <value>-0.546200</value>
               </ControlLinearNode>
               <ControlLinearNode>
                  <t>0.741421</t>
                  <value>-0.468049</value>
               </ControlLinearNode>
               <ControlLinearNode>
                  <t>0.751421</t>
                  <value>-0.391441</value>
               </ControlLinearNode>
               <ControlLinearNode>
                  <t>0.761421</t>
                  <value>-0.322896</value>
               </ControlLinearNode>
               <ControlLinearNode>
                  <t>0.771421</t>
                  <value>-0.267531</value>
               </ControlLinearNode>
               <ControlLinearNode>
                  <t>0.781421</t>
                  <value>-0.228311</value>
               </ControlLinearNode>
               <ControlLinearNode>
                  <t>0.791421</t>
                  <value>-0.205663</value>
               </ControlLinearNode>
               <ControlLinearNode>
                  <t>0.801421</t>
                  <value>-0.197566</value>
               </ControlLinearNode>
               <ControlLinearNode>
                  <t>0.811421</t>
                  <value>-0.200436</value>
               </ControlLinearNode>
               <ControlLinearNode>
                  <t>0.821421</t>
                  <value>-0.210457</value>
               </ControlLinearNode>
               <ControlLinearNode>
                  <t>0.831421</t>
                  <value>-0.224232</value>
               </ControlLinearNode>
               <ControlLinearNode>
                  <t>0.841421</t>
                  <value>-0.239198</value>
               </ControlLinearNode>
               <ControlLinearNode>
                  <t>0.851421</t>
                  <value>-0.253667</value>
               </ControlLinearNode>
               <ControlLinearNode>
                  <t>0.861421</t>
                  <value>-0.266052</value>
               </ControlLinearNode>
               <ControlLinearNode>
                  <t>0.871421</t>
                  <value>-0.276492</value>
               </ControlLinearNode>
               <ControlLinearNode>
                  <t>0.881421</t>
                  <value>-0.285162</value>
               </ControlLinearNode>
               <ControlLinearNode>
                  <t>0.891421</t>
                  <value>-0.291996</value>
               </ControlLinearNode>
               <ControlLinearNode>
                  <t>0.901421</t>
                  <value>-0.296649</value>
               </ControlLinearNode>
               <ControlLinearNode>
                  <t>0.911421</t>
                  <value>-0.298136</value>
               </ControlLinearNode>
               <ControlLinearNode>
                  <t>0.921421</t>
                  <value>-0.294742</value>
               </ControlLinearNode>
               <ControlLinearNode>
                  <t>0.931421</t>
                  <value>-0.284417</value>
               </ControlLinearNode>
               <ControlLinearNode>
                  <t>0.941421</t>
                  <value>-0.264864</value>
               </ControlLinearNode>
               <ControlLinearNode>
                  <t>0.951421</t>
                  <value>-0.237251</value>
               </ControlLinearNode>
               <ControlLinearNode>
                  <t>0.961421</t>
                  <value>-0.197624</value>
               </ControlLinearNode>
               <ControlLinearNode>
                  <t>0.971421</t>
                  <value>-0.146057</value>
               </ControlLinearNode>
               <ControlLinearNode>
                  <t>0.981421</t>
                  <value>-0.085634</value>
               </ControlLinearNode>
               <ControlLinearNode>
                  <t>0.991421</t>
                  <value>-0.021578</value>
               </ControlLinearNode>
               <ControlLinearNode>
                  <t>0.994865</t>
                  <value>-0.000000</value>
               </ControlLinearNode>
               <ControlLinearNode>
                  <t>0.994865</t>
                  <value>0.000000</value>
               </ControlLinearNode>
               <ControlLinearNode>
                  <t>1.004865</t>
                  <value>0.055656</value>
               </ControlLinearNode>
               <ControlLinearNode>
                  <t>1.014865</t>
                  <value>0.094650</value>
               </ControlLinearNode>
               <ControlLinearNode>
                  <t>1.024865</t>
                  <value>0.110472</value>
               </ControlLinearNode>
               <ControlLinearNode>
                  <t>1.034865</t>
                  <value>0.099429</value>
               </ControlLinearNode>
               <ControlLinearNode>
                  <t>1.044865</t>
                  <value>0.061387</value>
               </ControlLinearNode>
               <ControlLinearNode>
                  <t>1.054862</t>
                  <value>0.000000</value>
               </ControlLinearNode>
               <ControlLinearNode>
                  <t>1.054862</t>
                  <value>-0.000000</value>
               </ControlLinearNode>
               <ControlLinearNode>
                  <t>1.064862</t>
                  <value>-0.077989</value>
               </ControlLinearNode>
               <ControlLinearNode>
                  <t>1.074862</t>
                  <value>-0.164233</value>
               </ControlLinearNode>
               <ControlLinearNode>
                  <t>1.082300</t>
                  <value>-0.229264</value>
               </ControlLinearNode>
            </max_nodes>
            <kp>100</kp>
            <kv>100</kv>
         </ControlLinear>
      </objects>
   </ControlSet>
</OpenSimDocument>