<?xml version="1.0" encoding="UTF-8" ?>
<OpenSimDocument Version="40000">
	<ExternalLoads>
		<objects>
			<ExternalForce name="right">
				<!--Name of the body the force is applied to.-->
				<applied_to_body>calcn_r</applied_to_body>
				<!--Name of the body the force is expressed in (default is ground).-->
				<force_expressed_in_body>ground</force_expressed_in_body>
				<!--Name of the body the point is expressed in (default is ground).-->
				<point_expressed_in_body>ground</point_expressed_in_body>
				<!--Identifier (string) to locate the force to be applied in the data source.-->
				<force_identifier>ground_force_v</force_identifier>
				<!--Identifier (string) to locate the point to be applied in the data source.-->
				<point_identifier>ground_force_p</point_identifier>
			</ExternalForce>
			<ExternalForce name="left">
				<!--Name of the body the force is applied to.-->
				<applied_to_body>calcn_l</applied_to_body>
				<!--Name of the body the force is expressed in (default is ground).-->
				<force_expressed_in_body>ground</force_expressed_in_body>
				<!--Name of the body the point is expressed in (default is ground).-->
				<point_expressed_in_body>ground</point_expressed_in_body>
				<!--Identifier (string) to locate the force to be applied in the data source.-->
				<force_identifier>1_ground_force_v</force_identifier>
				<!--Identifier (string) to locate the point to be applied in the data source.-->
				<point_identifier>1_ground_force_p</point_identifier>
			</ExternalForce>
		</objects>
		<groups />
		<!--Storage file (.sto) containing (3) components of force and/or torque and point of application.Note: this file overrides the data source specified by the individual external forces if specified.-->
		<datafile>GIL11_slow_20KgBackpack_grf_custom.mot</datafile>
	</ExternalLoads>
</OpenSimDocument>
