<?xml version="1.0" encoding="utf-8"?>
<OpenSimDocument Version="40000">
   <ControlSet name="GIL_AFO_Controller">
      <objects>
         <ControlLinear name="rAFO_torq_gen.excitation">
            <is_model_control>true</is_model_control>
            <extrapolate>false</extrapolate>
            <default_min>-1</default_min>
            <default_max>36</default_max>
            <filter_on>true</filter_on>
            <use_steps>false</use_steps>
            <x_nodes>
               <ControlLinearNode>
                  <t>0.150000</t>
                  <value>-0.000000</value>
               </ControlLinearNode>
               <ControlLinearNode>
                  <t>0.166000</t>
                  <value>-0.000000</value>
               </ControlLinearNode>
               <ControlLinearNode>
                  <t>0.182000</t>
                  <value>-0.000000</value>
               </ControlLinearNode>
               <ControlLinearNode>
                  <t>0.198000</t>
                  <value>-0.000000</value>
               </ControlLinearNode>
               <ControlLinearNode>
                  <t>0.214000</t>
                  <value>-0.000000</value>
               </ControlLinearNode>
               <ControlLinearNode>
                  <t>0.230000</t>
                  <value>-0.000000</value>
               </ControlLinearNode>
               <ControlLinearNode>
                  <t>0.246000</t>
                  <value>-0.000000</value>
               </ControlLinearNode>
               <ControlLinearNode>
                  <t>0.262000</t>
                  <value>-0.000000</value>
               </ControlLinearNode>
               <ControlLinearNode>
                  <t>0.278000</t>
                  <value>-0.000000</value>
               </ControlLinearNode>
               <ControlLinearNode>
                  <t>0.294000</t>
                  <value>-0.000000</value>
               </ControlLinearNode>
               <ControlLinearNode>
                  <t>0.310000</t>
                  <value>-0.000000</value>
               </ControlLinearNode>
               <ControlLinearNode>
                  <t>0.326000</t>
                  <value>-0.000000</value>
               </ControlLinearNode>
               <ControlLinearNode>
                  <t>0.342000</t>
                  <value>-0.000000</value>
               </ControlLinearNode>
               <ControlLinearNode>
                  <t>0.358000</t>
                  <value>-0.000000</value>
               </ControlLinearNode>
               <ControlLinearNode>
                  <t>0.374000</t>
                  <value>-0.000000</value>
               </ControlLinearNode>
               <ControlLinearNode>
                  <t>0.390000</t>
                  <value>-0.000000</value>
               </ControlLinearNode>
               <ControlLinearNode>
                  <t>0.406000</t>
                  <value>-0.000000</value>
               </ControlLinearNode>
               <ControlLinearNode>
                  <t>0.422000</t>
                  <value>-0.000000</value>
               </ControlLinearNode>
               <ControlLinearNode>
                  <t>0.438000</t>
                  <value>-0.000000</value>
               </ControlLinearNode>
               <ControlLinearNode>
                  <t>0.454000</t>
                  <value>-0.000000</value>
               </ControlLinearNode>
               <ControlLinearNode>
                  <t>0.470000</t>
                  <value>-0.000000</value>
               </ControlLinearNode>
               <ControlLinearNode>
                  <t>0.486000</t>
                  <value>-0.000000</value>
               </ControlLinearNode>
               <ControlLinearNode>
                  <t>0.502000</t>
                  <value>-0.000000</value>
               </ControlLinearNode>
               <ControlLinearNode>
                  <t>0.518000</t>
                  <value>-0.000000</value>
               </ControlLinearNode>
               <ControlLinearNode>
                  <t>0.534000</t>
                  <value>-0.000000</value>
               </ControlLinearNode>
               <ControlLinearNode>
                  <t>0.550000</t>
                  <value>-0.000000</value>
               </ControlLinearNode>
               <ControlLinearNode>
                  <t>0.557000</t>
                  <value>-0.000000</value>
               </ControlLinearNode>
               <ControlLinearNode>
                  <t>0.557000</t>
                  <value>-0.000000</value>
               </ControlLinearNode>
               <ControlLinearNode>
                  <t>0.557000</t>
                  <value>-0.000000</value>
               </ControlLinearNode>
               <ControlLinearNode>
                  <t>0.573000</t>
                  <value>-0.000000</value>
               </ControlLinearNode>
               <ControlLinearNode>
                  <t>0.589000</t>
                  <value>-0.000000</value>
               </ControlLinearNode>
               <ControlLinearNode>
                  <t>0.605000</t>
                  <value>-0.298190</value>
               </ControlLinearNode>
               <ControlLinearNode>
                  <t>0.621000</t>
                  <value>-0.743156</value>
               </ControlLinearNode>
               <ControlLinearNode>
                  <t>0.637000</t>
                  <value>-1.441347</value>
               </ControlLinearNode>
               <ControlLinearNode>
                  <t>0.653000</t>
                  <value>-0.507473</value>
               </ControlLinearNode>
               <ControlLinearNode>
                  <t>0.669000</t>
                  <value>0.942106</value>
               </ControlLinearNode>
               <ControlLinearNode>
                  <t>0.685000</t>
                  <value>2.211709</value>
               </ControlLinearNode>
               <ControlLinearNode>
                  <t>0.701000</t>
                  <value>3.044194</value>
               </ControlLinearNode>
               <ControlLinearNode>
                  <t>0.717000</t>
                  <value>3.676448</value>
               </ControlLinearNode>
               <ControlLinearNode>
                  <t>0.733000</t>
                  <value>4.318983</value>
               </ControlLinearNode>
               <ControlLinearNode>
                  <t>0.749000</t>
                  <value>4.967879</value>
               </ControlLinearNode>
               <ControlLinearNode>
                  <t>0.765000</t>
                  <value>5.589556</value>
               </ControlLinearNode>
               <ControlLinearNode>
                  <t>0.781000</t>
                  <value>6.171574</value>
               </ControlLinearNode>
               <ControlLinearNode>
                  <t>0.797000</t>
                  <value>6.714352</value>
               </ControlLinearNode>
               <ControlLinearNode>
                  <t>0.813000</t>
                  <value>7.234685</value>
               </ControlLinearNode>
               <ControlLinearNode>
                  <t>0.829000</t>
                  <value>7.777720</value>
               </ControlLinearNode>
               <ControlLinearNode>
                  <t>0.845000</t>
                  <value>8.384070</value>
               </ControlLinearNode>
               <ControlLinearNode>
                  <t>0.861000</t>
                  <value>9.064067</value>
               </ControlLinearNode>
               <ControlLinearNode>
                  <t>0.877000</t>
                  <value>9.845599</value>
               </ControlLinearNode>
               <ControlLinearNode>
                  <t>0.893000</t>
                  <value>10.736651</value>
               </ControlLinearNode>
               <ControlLinearNode>
                  <t>0.909000</t>
                  <value>11.682892</value>
               </ControlLinearNode>
               <ControlLinearNode>
                  <t>0.925000</t>
                  <value>12.703396</value>
               </ControlLinearNode>
               <ControlLinearNode>
                  <t>0.941000</t>
                  <value>13.872779</value>
               </ControlLinearNode>
               <ControlLinearNode>
                  <t>0.957000</t>
                  <value>15.219646</value>
               </ControlLinearNode>
               <ControlLinearNode>
                  <t>0.973000</t>
                  <value>16.744027</value>
               </ControlLinearNode>
               <ControlLinearNode>
                  <t>0.989000</t>
                  <value>18.415065</value>
               </ControlLinearNode>
               <ControlLinearNode>
                  <t>1.005000</t>
                  <value>20.194699</value>
               </ControlLinearNode>
               <ControlLinearNode>
                  <t>1.021000</t>
                  <value>22.066675</value>
               </ControlLinearNode>
               <ControlLinearNode>
                  <t>1.037000</t>
                  <value>24.018968</value>
               </ControlLinearNode>
               <ControlLinearNode>
                  <t>1.053000</t>
                  <value>25.985036</value>
               </ControlLinearNode>
               <ControlLinearNode>
                  <t>1.069000</t>
                  <value>27.866031</value>
               </ControlLinearNode>
               <ControlLinearNode>
                  <t>1.085000</t>
                  <value>29.493719</value>
               </ControlLinearNode>
               <ControlLinearNode>
                  <t>1.101000</t>
                  <value>30.761216</value>
               </ControlLinearNode>
               <ControlLinearNode>
                  <t>1.117000</t>
                  <value>31.649944</value>
               </ControlLinearNode>
               <ControlLinearNode>
                  <t>1.133000</t>
                  <value>32.163401</value>
               </ControlLinearNode>
               <ControlLinearNode>
                  <t>1.149000</t>
                  <value>32.257532</value>
               </ControlLinearNode>
               <ControlLinearNode>
                  <t>1.165000</t>
                  <value>31.851063</value>
               </ControlLinearNode>
               <ControlLinearNode>
                  <t>1.181000</t>
                  <value>30.917688</value>
               </ControlLinearNode>
               <ControlLinearNode>
                  <t>1.182300</t>
                  <value>30.827461</value>
               </ControlLinearNode>
            </x_nodes>
            <min_nodes>
               <ControlLinearNode>
                  <t>0.150000</t>
                  <value>-0.000000</value>
               </ControlLinearNode>
               <ControlLinearNode>
                  <t>0.166000</t>
                  <value>-0.000000</value>
               </ControlLinearNode>
               <ControlLinearNode>
                  <t>0.182000</t>
                  <value>-0.000000</value>
               </ControlLinearNode>
               <ControlLinearNode>
                  <t>0.198000</t>
                  <value>-0.000000</value>
               </ControlLinearNode>
               <ControlLinearNode>
                  <t>0.214000</t>
                  <value>-0.000000</value>
               </ControlLinearNode>
               <ControlLinearNode>
                  <t>0.230000</t>
                  <value>-0.000000</value>
               </ControlLinearNode>
               <ControlLinearNode>
                  <t>0.246000</t>
                  <value>-0.000000</value>
               </ControlLinearNode>
               <ControlLinearNode>
                  <t>0.262000</t>
                  <value>-0.000000</value>
               </ControlLinearNode>
               <ControlLinearNode>
                  <t>0.278000</t>
                  <value>-0.000000</value>
               </ControlLinearNode>
               <ControlLinearNode>
                  <t>0.294000</t>
                  <value>-0.000000</value>
               </ControlLinearNode>
               <ControlLinearNode>
                  <t>0.310000</t>
                  <value>-0.000000</value>
               </ControlLinearNode>
               <ControlLinearNode>
                  <t>0.326000</t>
                  <value>-0.000000</value>
               </ControlLinearNode>
               <ControlLinearNode>
                  <t>0.342000</t>
                  <value>-0.000000</value>
               </ControlLinearNode>
               <ControlLinearNode>
                  <t>0.358000</t>
                  <value>-0.000000</value>
               </ControlLinearNode>
               <ControlLinearNode>
                  <t>0.374000</t>
                  <value>-0.000000</value>
               </ControlLinearNode>
               <ControlLinearNode>
                  <t>0.390000</t>
                  <value>-0.000000</value>
               </ControlLinearNode>
               <ControlLinearNode>
                  <t>0.406000</t>
                  <value>-0.000000</value>
               </ControlLinearNode>
               <ControlLinearNode>
                  <t>0.422000</t>
                  <value>-0.000000</value>
               </ControlLinearNode>
               <ControlLinearNode>
                  <t>0.438000</t>
                  <value>-0.000000</value>
               </ControlLinearNode>
               <ControlLinearNode>
                  <t>0.454000</t>
                  <value>-0.000000</value>
               </ControlLinearNode>
               <ControlLinearNode>
                  <t>0.470000</t>
                  <value>-0.000000</value>
               </ControlLinearNode>
               <ControlLinearNode>
                  <t>0.486000</t>
                  <value>-0.000000</value>
               </ControlLinearNode>
               <ControlLinearNode>
                  <t>0.502000</t>
                  <value>-0.000000</value>
               </ControlLinearNode>
               <ControlLinearNode>
                  <t>0.518000</t>
                  <value>-0.000000</value>
               </ControlLinearNode>
               <ControlLinearNode>
                  <t>0.534000</t>
                  <value>-0.000000</value>
               </ControlLinearNode>
               <ControlLinearNode>
                  <t>0.550000</t>
                  <value>-0.000000</value>
               </ControlLinearNode>
               <ControlLinearNode>
                  <t>0.557000</t>
                  <value>-0.000000</value>
               </ControlLinearNode>
               <ControlLinearNode>
                  <t>0.557000</t>
                  <value>-0.000000</value>
               </ControlLinearNode>
               <ControlLinearNode>
                  <t>0.557000</t>
                  <value>-0.000000</value>
               </ControlLinearNode>
               <ControlLinearNode>
                  <t>0.573000</t>
                  <value>-0.000000</value>
               </ControlLinearNode>
               <ControlLinearNode>
                  <t>0.589000</t>
                  <value>-0.000000</value>
               </ControlLinearNode>
               <ControlLinearNode>
                  <t>0.605000</t>
                  <value>-0.298190</value>
               </ControlLinearNode>
               <ControlLinearNode>
                  <t>0.621000</t>
                  <value>-0.743156</value>
               </ControlLinearNode>
               <ControlLinearNode>
                  <t>0.637000</t>
                  <value>-1.441347</value>
               </ControlLinearNode>
               <ControlLinearNode>
                  <t>0.653000</t>
                  <value>-0.507473</value>
               </ControlLinearNode>
               <ControlLinearNode>
                  <t>0.669000</t>
                  <value>0.942106</value>
               </ControlLinearNode>
               <ControlLinearNode>
                  <t>0.685000</t>
                  <value>2.211709</value>
               </ControlLinearNode>
               <ControlLinearNode>
                  <t>0.701000</t>
                  <value>3.044194</value>
               </ControlLinearNode>
               <ControlLinearNode>
                  <t>0.717000</t>
                  <value>3.676448</value>
               </ControlLinearNode>
               <ControlLinearNode>
                  <t>0.733000</t>
                  <value>4.318983</value>
               </ControlLinearNode>
               <ControlLinearNode>
                  <t>0.749000</t>
                  <value>4.967879</value>
               </ControlLinearNode>
               <ControlLinearNode>
                  <t>0.765000</t>
                  <value>5.589556</value>
               </ControlLinearNode>
               <ControlLinearNode>
                  <t>0.781000</t>
                  <value>6.171574</value>
               </ControlLinearNode>
               <ControlLinearNode>
                  <t>0.797000</t>
                  <value>6.714352</value>
               </ControlLinearNode>
               <ControlLinearNode>
                  <t>0.813000</t>
                  <value>7.234685</value>
               </ControlLinearNode>
               <ControlLinearNode>
                  <t>0.829000</t>
                  <value>7.777720</value>
               </ControlLinearNode>
               <ControlLinearNode>
                  <t>0.845000</t>
                  <value>8.384070</value>
               </ControlLinearNode>
               <ControlLinearNode>
                  <t>0.861000</t>
                  <value>9.064067</value>
               </ControlLinearNode>
               <ControlLinearNode>
                  <t>0.877000</t>
                  <value>9.845599</value>
               </ControlLinearNode>
               <ControlLinearNode>
                  <t>0.893000</t>
                  <value>10.736651</value>
               </ControlLinearNode>
               <ControlLinearNode>
                  <t>0.909000</t>
                  <value>11.682892</value>
               </ControlLinearNode>
               <ControlLinearNode>
                  <t>0.925000</t>
                  <value>12.703396</value>
               </ControlLinearNode>
               <ControlLinearNode>
                  <t>0.941000</t>
                  <value>13.872779</value>
               </ControlLinearNode>
               <ControlLinearNode>
                  <t>0.957000</t>
                  <value>15.219646</value>
               </ControlLinearNode>
               <ControlLinearNode>
                  <t>0.973000</t>
                  <value>16.744027</value>
               </ControlLinearNode>
               <ControlLinearNode>
                  <t>0.989000</t>
                  <value>18.415065</value>
               </ControlLinearNode>
               <ControlLinearNode>
                  <t>1.005000</t>
                  <value>20.194699</value>
               </ControlLinearNode>
               <ControlLinearNode>
                  <t>1.021000</t>
                  <value>22.066675</value>
               </ControlLinearNode>
               <ControlLinearNode>
                  <t>1.037000</t>
                  <value>24.018968</value>
               </ControlLinearNode>
               <ControlLinearNode>
                  <t>1.053000</t>
                  <value>25.985036</value>
               </ControlLinearNode>
               <ControlLinearNode>
                  <t>1.069000</t>
                  <value>27.866031</value>
               </ControlLinearNode>
               <ControlLinearNode>
                  <t>1.085000</t>
                  <value>29.493719</value>
               </ControlLinearNode>
               <ControlLinearNode>
                  <t>1.101000</t>
                  <value>30.761216</value>
               </ControlLinearNode>
               <ControlLinearNode>
                  <t>1.117000</t>
                  <value>31.649944</value>
               </ControlLinearNode>
               <ControlLinearNode>
                  <t>1.133000</t>
                  <value>32.163401</value>
               </ControlLinearNode>
               <ControlLinearNode>
                  <t>1.149000</t>
                  <value>32.257532</value>
               </ControlLinearNode>
               <ControlLinearNode>
                  <t>1.165000</t>
                  <value>31.851063</value>
               </ControlLinearNode>
               <ControlLinearNode>
                  <t>1.181000</t>
                  <value>30.917688</value>
               </ControlLinearNode>
               <ControlLinearNode>
                  <t>1.182300</t>
                  <value>30.827461</value>
               </ControlLinearNode>
            </min_nodes>
            <max_nodes>
               <ControlLinearNode>
                  <t>0.150000</t>
                  <value>-0.000000</value>
               </ControlLinearNode>
               <ControlLinearNode>
                  <t>0.166000</t>
                  <value>-0.000000</value>
               </ControlLinearNode>
               <ControlLinearNode>
                  <t>0.182000</t>
                  <value>-0.000000</value>
               </ControlLinearNode>
               <ControlLinearNode>
                  <t>0.198000</t>
                  <value>-0.000000</value>
               </ControlLinearNode>
               <ControlLinearNode>
                  <t>0.214000</t>
                  <value>-0.000000</value>
               </ControlLinearNode>
               <ControlLinearNode>
                  <t>0.230000</t>
                  <value>-0.000000</value>
               </ControlLinearNode>
               <ControlLinearNode>
                  <t>0.246000</t>
                  <value>-0.000000</value>
               </ControlLinearNode>
               <ControlLinearNode>
                  <t>0.262000</t>
                  <value>-0.000000</value>
               </ControlLinearNode>
               <ControlLinearNode>
                  <t>0.278000</t>
                  <value>-0.000000</value>
               </ControlLinearNode>
               <ControlLinearNode>
                  <t>0.294000</t>
                  <value>-0.000000</value>
               </ControlLinearNode>
               <ControlLinearNode>
                  <t>0.310000</t>
                  <value>-0.000000</value>
               </ControlLinearNode>
               <ControlLinearNode>
                  <t>0.326000</t>
                  <value>-0.000000</value>
               </ControlLinearNode>
               <ControlLinearNode>
                  <t>0.342000</t>
                  <value>-0.000000</value>
               </ControlLinearNode>
               <ControlLinearNode>
                  <t>0.358000</t>
                  <value>-0.000000</value>
               </ControlLinearNode>
               <ControlLinearNode>
                  <t>0.374000</t>
                  <value>-0.000000</value>
               </ControlLinearNode>
               <ControlLinearNode>
                  <t>0.390000</t>
                  <value>-0.000000</value>
               </ControlLinearNode>
               <ControlLinearNode>
                  <t>0.406000</t>
                  <value>-0.000000</value>
               </ControlLinearNode>
               <ControlLinearNode>
                  <t>0.422000</t>
                  <value>-0.000000</value>
               </ControlLinearNode>
               <ControlLinearNode>
                  <t>0.438000</t>
                  <value>-0.000000</value>
               </ControlLinearNode>
               <ControlLinearNode>
                  <t>0.454000</t>
                  <value>-0.000000</value>
               </ControlLinearNode>
               <ControlLinearNode>
                  <t>0.470000</t>
                  <value>-0.000000</value>
               </ControlLinearNode>
               <ControlLinearNode>
                  <t>0.486000</t>
                  <value>-0.000000</value>
               </ControlLinearNode>
               <ControlLinearNode>
                  <t>0.502000</t>
                  <value>-0.000000</value>
               </ControlLinearNode>
               <ControlLinearNode>
                  <t>0.518000</t>
                  <value>-0.000000</value>
               </ControlLinearNode>
               <ControlLinearNode>
                  <t>0.534000</t>
                  <value>-0.000000</value>
               </ControlLinearNode>
               <ControlLinearNode>
                  <t>0.550000</t>
                  <value>-0.000000</value>
               </ControlLinearNode>
               <ControlLinearNode>
                  <t>0.557000</t>
                  <value>-0.000000</value>
               </ControlLinearNode>
               <ControlLinearNode>
                  <t>0.557000</t>
                  <value>-0.000000</value>
               </ControlLinearNode>
               <ControlLinearNode>
                  <t>0.557000</t>
                  <value>-0.000000</value>
               </ControlLinearNode>
               <ControlLinearNode>
                  <t>0.573000</t>
                  <value>-0.000000</value>
               </ControlLinearNode>
               <ControlLinearNode>
                  <t>0.589000</t>
                  <value>-0.000000</value>
               </ControlLinearNode>
               <ControlLinearNode>
                  <t>0.605000</t>
                  <value>-0.298190</value>
               </ControlLinearNode>
               <ControlLinearNode>
                  <t>0.621000</t>
                  <value>-0.743156</value>
               </ControlLinearNode>
               <ControlLinearNode>
                  <t>0.637000</t>
                  <value>-1.441347</value>
               </ControlLinearNode>
               <ControlLinearNode>
                  <t>0.653000</t>
                  <value>-0.507473</value>
               </ControlLinearNode>
               <ControlLinearNode>
                  <t>0.669000</t>
                  <value>0.942106</value>
               </ControlLinearNode>
               <ControlLinearNode>
                  <t>0.685000</t>
                  <value>2.211709</value>
               </ControlLinearNode>
               <ControlLinearNode>
                  <t>0.701000</t>
                  <value>3.044194</value>
               </ControlLinearNode>
               <ControlLinearNode>
                  <t>0.717000</t>
                  <value>3.676448</value>
               </ControlLinearNode>
               <ControlLinearNode>
                  <t>0.733000</t>
                  <value>4.318983</value>
               </ControlLinearNode>
               <ControlLinearNode>
                  <t>0.749000</t>
                  <value>4.967879</value>
               </ControlLinearNode>
               <ControlLinearNode>
                  <t>0.765000</t>
                  <value>5.589556</value>
               </ControlLinearNode>
               <ControlLinearNode>
                  <t>0.781000</t>
                  <value>6.171574</value>
               </ControlLinearNode>
               <ControlLinearNode>
                  <t>0.797000</t>
                  <value>6.714352</value>
               </ControlLinearNode>
               <ControlLinearNode>
                  <t>0.813000</t>
                  <value>7.234685</value>
               </ControlLinearNode>
               <ControlLinearNode>
                  <t>0.829000</t>
                  <value>7.777720</value>
               </ControlLinearNode>
               <ControlLinearNode>
                  <t>0.845000</t>
                  <value>8.384070</value>
               </ControlLinearNode>
               <ControlLinearNode>
                  <t>0.861000</t>
                  <value>9.064067</value>
               </ControlLinearNode>
               <ControlLinearNode>
                  <t>0.877000</t>
                  <value>9.845599</value>
               </ControlLinearNode>
               <ControlLinearNode>
                  <t>0.893000</t>
                  <value>10.736651</value>
               </ControlLinearNode>
               <ControlLinearNode>
                  <t>0.909000</t>
                  <value>11.682892</value>
               </ControlLinearNode>
               <ControlLinearNode>
                  <t>0.925000</t>
                  <value>12.703396</value>
               </ControlLinearNode>
               <ControlLinearNode>
                  <t>0.941000</t>
                  <value>13.872779</value>
               </ControlLinearNode>
               <ControlLinearNode>
                  <t>0.957000</t>
                  <value>15.219646</value>
               </ControlLinearNode>
               <ControlLinearNode>
                  <t>0.973000</t>
                  <value>16.744027</value>
               </ControlLinearNode>
               <ControlLinearNode>
                  <t>0.989000</t>
                  <value>18.415065</value>
               </ControlLinearNode>
               <ControlLinearNode>
                  <t>1.005000</t>
                  <value>20.194699</value>
               </ControlLinearNode>
               <ControlLinearNode>
                  <t>1.021000</t>
                  <value>22.066675</value>
               </ControlLinearNode>
               <ControlLinearNode>
                  <t>1.037000</t>
                  <value>24.018968</value>
               </ControlLinearNode>
               <ControlLinearNode>
                  <t>1.053000</t>
                  <value>25.985036</value>
               </ControlLinearNode>
               <ControlLinearNode>
                  <t>1.069000</t>
                  <value>27.866031</value>
               </ControlLinearNode>
               <ControlLinearNode>
                  <t>1.085000</t>
                  <value>29.493719</value>
               </ControlLinearNode>
               <ControlLinearNode>
                  <t>1.101000</t>
                  <value>30.761216</value>
               </ControlLinearNode>
               <ControlLinearNode>
                  <t>1.117000</t>
                  <value>31.649944</value>
               </ControlLinearNode>
               <ControlLinearNode>
                  <t>1.133000</t>
                  <value>32.163401</value>
               </ControlLinearNode>
               <ControlLinearNode>
                  <t>1.149000</t>
                  <value>32.257532</value>
               </ControlLinearNode>
               <ControlLinearNode>
                  <t>1.165000</t>
                  <value>31.851063</value>
               </ControlLinearNode>
               <ControlLinearNode>
                  <t>1.181000</t>
                  <value>30.917688</value>
               </ControlLinearNode>
               <ControlLinearNode>
                  <t>1.182300</t>
                  <value>30.827461</value>
               </ControlLinearNode>
            </max_nodes>
            <kp>100</kp>
            <kv>100</kv>
         </ControlLinear>
		 <ControlLinear name="lAFO_torq_gen.excitation">
            <is_model_control>true</is_model_control>
            <extrapolate>false</extrapolate>
            <default_min>-1</default_min>
            <default_max>36</default_max>
            <filter_on>true</filter_on>
            <use_steps>false</use_steps>
            <x_nodes>
               <ControlLinearNode>
                  <t>0.150000</t>
                  <value>1.532274</value>
               </ControlLinearNode>
               <ControlLinearNode>
                  <t>0.166000</t>
                  <value>1.616163</value>
               </ControlLinearNode>
               <ControlLinearNode>
                  <t>0.182000</t>
                  <value>1.681711</value>
               </ControlLinearNode>
               <ControlLinearNode>
                  <t>0.198000</t>
                  <value>1.834485</value>
               </ControlLinearNode>
               <ControlLinearNode>
                  <t>0.214000</t>
                  <value>2.167779</value>
               </ControlLinearNode>
               <ControlLinearNode>
                  <t>0.230000</t>
                  <value>2.718749</value>
               </ControlLinearNode>
               <ControlLinearNode>
                  <t>0.246000</t>
                  <value>3.432604</value>
               </ControlLinearNode>
               <ControlLinearNode>
                  <t>0.262000</t>
                  <value>4.291106</value>
               </ControlLinearNode>
               <ControlLinearNode>
                  <t>0.278000</t>
                  <value>5.321910</value>
               </ControlLinearNode>
               <ControlLinearNode>
                  <t>0.294000</t>
                  <value>6.555359</value>
               </ControlLinearNode>
               <ControlLinearNode>
                  <t>0.310000</t>
                  <value>8.028800</value>
               </ControlLinearNode>
               <ControlLinearNode>
                  <t>0.326000</t>
                  <value>9.744273</value>
               </ControlLinearNode>
               <ControlLinearNode>
                  <t>0.342000</t>
                  <value>11.668956</value>
               </ControlLinearNode>
               <ControlLinearNode>
                  <t>0.358000</t>
                  <value>13.730715</value>
               </ControlLinearNode>
               <ControlLinearNode>
                  <t>0.374000</t>
                  <value>15.916359</value>
               </ControlLinearNode>
               <ControlLinearNode>
                  <t>0.390000</t>
                  <value>18.262458</value>
               </ControlLinearNode>
               <ControlLinearNode>
                  <t>0.406000</t>
                  <value>20.755212</value>
               </ControlLinearNode>
               <ControlLinearNode>
                  <t>0.422000</t>
                  <value>23.281615</value>
               </ControlLinearNode>
               <ControlLinearNode>
                  <t>0.438000</t>
                  <value>25.702264</value>
               </ControlLinearNode>
               <ControlLinearNode>
                  <t>0.454000</t>
                  <value>27.916569</value>
               </ControlLinearNode>
               <ControlLinearNode>
                  <t>0.470000</t>
                  <value>29.886951</value>
               </ControlLinearNode>
               <ControlLinearNode>
                  <t>0.486000</t>
                  <value>31.589311</value>
               </ControlLinearNode>
               <ControlLinearNode>
                  <t>0.502000</t>
                  <value>32.989476</value>
               </ControlLinearNode>
               <ControlLinearNode>
                  <t>0.518000</t>
                  <value>34.073641</value>
               </ControlLinearNode>
               <ControlLinearNode>
                  <t>0.534000</t>
                  <value>34.834813</value>
               </ControlLinearNode>
               <ControlLinearNode>
                  <t>0.550000</t>
                  <value>35.205394</value>
               </ControlLinearNode>
               <ControlLinearNode>
                  <t>0.566000</t>
                  <value>35.092568</value>
               </ControlLinearNode>
               <ControlLinearNode>
                  <t>0.582000</t>
                  <value>34.401713</value>
               </ControlLinearNode>
               <ControlLinearNode>
                  <t>0.598000</t>
                  <value>32.956125</value>
               </ControlLinearNode>
               <ControlLinearNode>
                  <t>0.614000</t>
                  <value>30.458300</value>
               </ControlLinearNode>
               <ControlLinearNode>
                  <t>0.630000</t>
                  <value>26.596661</value>
               </ControlLinearNode>
               <ControlLinearNode>
                  <t>0.643443</t>
                  <value>22.216589</value>
               </ControlLinearNode>
               <ControlLinearNode>
                  <t>0.643443</t>
                  <value>22.216589</value>
               </ControlLinearNode>
               <ControlLinearNode>
                  <t>0.659443</t>
                  <value>15.754917</value>
               </ControlLinearNode>
               <ControlLinearNode>
                  <t>0.675443</t>
                  <value>8.779622</value>
               </ControlLinearNode>
               <ControlLinearNode>
                  <t>0.691443</t>
                  <value>3.252468</value>
               </ControlLinearNode>
               <ControlLinearNode>
                  <t>0.702633</t>
                  <value>1.000000</value>
               </ControlLinearNode>
               <ControlLinearNode>
                  <t>0.702633</t>
                  <value>1.000000</value>
               </ControlLinearNode>
               <ControlLinearNode>
                  <t>0.711299</t>
                  <value>0.000000</value>
               </ControlLinearNode>
               <ControlLinearNode>
                  <t>0.711299</t>
                  <value>-0.000000</value>
               </ControlLinearNode>
               <ControlLinearNode>
                  <t>0.727299</t>
                  <value>-0.848979</value>
               </ControlLinearNode>
               <ControlLinearNode>
                  <t>0.743299</t>
                  <value>-0.951421</value>
               </ControlLinearNode>
               <ControlLinearNode>
                  <t>0.759299</t>
                  <value>-0.851157</value>
               </ControlLinearNode>
               <ControlLinearNode>
                  <t>0.775299</t>
                  <value>-0.689403</value>
               </ControlLinearNode>
               <ControlLinearNode>
                  <t>0.791299</t>
                  <value>-0.502138</value>
               </ControlLinearNode>
               <ControlLinearNode>
                  <t>0.807299</t>
                  <value>-0.330104</value>
               </ControlLinearNode>
               <ControlLinearNode>
                  <t>0.823299</t>
                  <value>-0.207132</value>
               </ControlLinearNode>
               <ControlLinearNode>
                  <t>0.839299</t>
                  <value>-0.148988</value>
               </ControlLinearNode>
               <ControlLinearNode>
                  <t>0.855299</t>
                  <value>-0.151597</value>
               </ControlLinearNode>
               <ControlLinearNode>
                  <t>0.871299</t>
                  <value>-0.195575</value>
               </ControlLinearNode>
               <ControlLinearNode>
                  <t>0.887299</t>
                  <value>-0.254581</value>
               </ControlLinearNode>
               <ControlLinearNode>
                  <t>0.903299</t>
                  <value>-0.305028</value>
               </ControlLinearNode>
               <ControlLinearNode>
                  <t>0.919299</t>
                  <value>-0.334029</value>
               </ControlLinearNode>
               <ControlLinearNode>
                  <t>0.935299</t>
                  <value>-0.339058</value>
               </ControlLinearNode>
               <ControlLinearNode>
                  <t>0.951299</t>
                  <value>-0.326486</value>
               </ControlLinearNode>
               <ControlLinearNode>
                  <t>0.967299</t>
                  <value>-0.307959</value>
               </ControlLinearNode>
               <ControlLinearNode>
                  <t>0.983299</t>
                  <value>-0.294977</value>
               </ControlLinearNode>
               <ControlLinearNode>
                  <t>0.999299</t>
                  <value>-0.292956</value>
               </ControlLinearNode>
               <ControlLinearNode>
                  <t>1.015299</t>
                  <value>-0.299873</value>
               </ControlLinearNode>
               <ControlLinearNode>
                  <t>1.031299</t>
                  <value>-0.306232</value>
               </ControlLinearNode>
               <ControlLinearNode>
                  <t>1.047299</t>
                  <value>-0.297915</value>
               </ControlLinearNode>
               <ControlLinearNode>
                  <t>1.063299</t>
                  <value>-0.263813</value>
               </ControlLinearNode>
               <ControlLinearNode>
                  <t>1.079299</t>
                  <value>-0.204434</value>
               </ControlLinearNode>
               <ControlLinearNode>
                  <t>1.095299</t>
                  <value>-0.127477</value>
               </ControlLinearNode>
               <ControlLinearNode>
                  <t>1.111299</t>
                  <value>-0.057393</value>
               </ControlLinearNode>
               <ControlLinearNode>
                  <t>1.127299</t>
                  <value>-0.021635</value>
               </ControlLinearNode>
               <ControlLinearNode>
                  <t>1.143299</t>
                  <value>-0.037989</value>
               </ControlLinearNode>
               <ControlLinearNode>
                  <t>1.159299</t>
                  <value>-0.105694</value>
               </ControlLinearNode>
               <ControlLinearNode>
                  <t>1.175299</t>
                  <value>-0.207190</value>
               </ControlLinearNode>
               <ControlLinearNode>
                  <t>1.182300</t>
                  <value>-0.256217</value>
               </ControlLinearNode>
            </x_nodes>
            <min_nodes>
               <ControlLinearNode>
                  <t>0.150000</t>
                  <value>1.532274</value>
               </ControlLinearNode>
               <ControlLinearNode>
                  <t>0.166000</t>
                  <value>1.616163</value>
               </ControlLinearNode>
               <ControlLinearNode>
                  <t>0.182000</t>
                  <value>1.681711</value>
               </ControlLinearNode>
               <ControlLinearNode>
                  <t>0.198000</t>
                  <value>1.834485</value>
               </ControlLinearNode>
               <ControlLinearNode>
                  <t>0.214000</t>
                  <value>2.167779</value>
               </ControlLinearNode>
               <ControlLinearNode>
                  <t>0.230000</t>
                  <value>2.718749</value>
               </ControlLinearNode>
               <ControlLinearNode>
                  <t>0.246000</t>
                  <value>3.432604</value>
               </ControlLinearNode>
               <ControlLinearNode>
                  <t>0.262000</t>
                  <value>4.291106</value>
               </ControlLinearNode>
               <ControlLinearNode>
                  <t>0.278000</t>
                  <value>5.321910</value>
               </ControlLinearNode>
               <ControlLinearNode>
                  <t>0.294000</t>
                  <value>6.555359</value>
               </ControlLinearNode>
               <ControlLinearNode>
                  <t>0.310000</t>
                  <value>8.028800</value>
               </ControlLinearNode>
               <ControlLinearNode>
                  <t>0.326000</t>
                  <value>9.744273</value>
               </ControlLinearNode>
               <ControlLinearNode>
                  <t>0.342000</t>
                  <value>11.668956</value>
               </ControlLinearNode>
               <ControlLinearNode>
                  <t>0.358000</t>
                  <value>13.730715</value>
               </ControlLinearNode>
               <ControlLinearNode>
                  <t>0.374000</t>
                  <value>15.916359</value>
               </ControlLinearNode>
               <ControlLinearNode>
                  <t>0.390000</t>
                  <value>18.262458</value>
               </ControlLinearNode>
               <ControlLinearNode>
                  <t>0.406000</t>
                  <value>20.755212</value>
               </ControlLinearNode>
               <ControlLinearNode>
                  <t>0.422000</t>
                  <value>23.281615</value>
               </ControlLinearNode>
               <ControlLinearNode>
                  <t>0.438000</t>
                  <value>25.702264</value>
               </ControlLinearNode>
               <ControlLinearNode>
                  <t>0.454000</t>
                  <value>27.916569</value>
               </ControlLinearNode>
               <ControlLinearNode>
                  <t>0.470000</t>
                  <value>29.886951</value>
               </ControlLinearNode>
               <ControlLinearNode>
                  <t>0.486000</t>
                  <value>31.589311</value>
               </ControlLinearNode>
               <ControlLinearNode>
                  <t>0.502000</t>
                  <value>32.989476</value>
               </ControlLinearNode>
               <ControlLinearNode>
                  <t>0.518000</t>
                  <value>34.073641</value>
               </ControlLinearNode>
               <ControlLinearNode>
                  <t>0.534000</t>
                  <value>34.834813</value>
               </ControlLinearNode>
               <ControlLinearNode>
                  <t>0.550000</t>
                  <value>35.205394</value>
               </ControlLinearNode>
               <ControlLinearNode>
                  <t>0.566000</t>
                  <value>35.092568</value>
               </ControlLinearNode>
               <ControlLinearNode>
                  <t>0.582000</t>
                  <value>34.401713</value>
               </ControlLinearNode>
               <ControlLinearNode>
                  <t>0.598000</t>
                  <value>32.956125</value>
               </ControlLinearNode>
               <ControlLinearNode>
                  <t>0.614000</t>
                  <value>30.458300</value>
               </ControlLinearNode>
               <ControlLinearNode>
                  <t>0.630000</t>
                  <value>26.596661</value>
               </ControlLinearNode>
               <ControlLinearNode>
                  <t>0.643443</t>
                  <value>22.216589</value>
               </ControlLinearNode>
               <ControlLinearNode>
                  <t>0.643443</t>
                  <value>22.216589</value>
               </ControlLinearNode>
               <ControlLinearNode>
                  <t>0.659443</t>
                  <value>15.754917</value>
               </ControlLinearNode>
               <ControlLinearNode>
                  <t>0.675443</t>
                  <value>8.779622</value>
               </ControlLinearNode>
               <ControlLinearNode>
                  <t>0.691443</t>
                  <value>3.252468</value>
               </ControlLinearNode>
               <ControlLinearNode>
                  <t>0.702633</t>
                  <value>1.000000</value>
               </ControlLinearNode>
               <ControlLinearNode>
                  <t>0.702633</t>
                  <value>1.000000</value>
               </ControlLinearNode>
               <ControlLinearNode>
                  <t>0.711299</t>
                  <value>0.000000</value>
               </ControlLinearNode>
               <ControlLinearNode>
                  <t>0.711299</t>
                  <value>-0.000000</value>
               </ControlLinearNode>
               <ControlLinearNode>
                  <t>0.727299</t>
                  <value>-0.848979</value>
               </ControlLinearNode>
               <ControlLinearNode>
                  <t>0.743299</t>
                  <value>-0.951421</value>
               </ControlLinearNode>
               <ControlLinearNode>
                  <t>0.759299</t>
                  <value>-0.851157</value>
               </ControlLinearNode>
               <ControlLinearNode>
                  <t>0.775299</t>
                  <value>-0.689403</value>
               </ControlLinearNode>
               <ControlLinearNode>
                  <t>0.791299</t>
                  <value>-0.502138</value>
               </ControlLinearNode>
               <ControlLinearNode>
                  <t>0.807299</t>
                  <value>-0.330104</value>
               </ControlLinearNode>
               <ControlLinearNode>
                  <t>0.823299</t>
                  <value>-0.207132</value>
               </ControlLinearNode>
               <ControlLinearNode>
                  <t>0.839299</t>
                  <value>-0.148988</value>
               </ControlLinearNode>
               <ControlLinearNode>
                  <t>0.855299</t>
                  <value>-0.151597</value>
               </ControlLinearNode>
               <ControlLinearNode>
                  <t>0.871299</t>
                  <value>-0.195575</value>
               </ControlLinearNode>
               <ControlLinearNode>
                  <t>0.887299</t>
                  <value>-0.254581</value>
               </ControlLinearNode>
               <ControlLinearNode>
                  <t>0.903299</t>
                  <value>-0.305028</value>
               </ControlLinearNode>
               <ControlLinearNode>
                  <t>0.919299</t>
                  <value>-0.334029</value>
               </ControlLinearNode>
               <ControlLinearNode>
                  <t>0.935299</t>
                  <value>-0.339058</value>
               </ControlLinearNode>
               <ControlLinearNode>
                  <t>0.951299</t>
                  <value>-0.326486</value>
               </ControlLinearNode>
               <ControlLinearNode>
                  <t>0.967299</t>
                  <value>-0.307959</value>
               </ControlLinearNode>
               <ControlLinearNode>
                  <t>0.983299</t>
                  <value>-0.294977</value>
               </ControlLinearNode>
               <ControlLinearNode>
                  <t>0.999299</t>
                  <value>-0.292956</value>
               </ControlLinearNode>
               <ControlLinearNode>
                  <t>1.015299</t>
                  <value>-0.299873</value>
               </ControlLinearNode>
               <ControlLinearNode>
                  <t>1.031299</t>
                  <value>-0.306232</value>
               </ControlLinearNode>
               <ControlLinearNode>
                  <t>1.047299</t>
                  <value>-0.297915</value>
               </ControlLinearNode>
               <ControlLinearNode>
                  <t>1.063299</t>
                  <value>-0.263813</value>
               </ControlLinearNode>
               <ControlLinearNode>
                  <t>1.079299</t>
                  <value>-0.204434</value>
               </ControlLinearNode>
               <ControlLinearNode>
                  <t>1.095299</t>
                  <value>-0.127477</value>
               </ControlLinearNode>
               <ControlLinearNode>
                  <t>1.111299</t>
                  <value>-0.057393</value>
               </ControlLinearNode>
               <ControlLinearNode>
                  <t>1.127299</t>
                  <value>-0.021635</value>
               </ControlLinearNode>
               <ControlLinearNode>
                  <t>1.143299</t>
                  <value>-0.037989</value>
               </ControlLinearNode>
               <ControlLinearNode>
                  <t>1.159299</t>
                  <value>-0.105694</value>
               </ControlLinearNode>
               <ControlLinearNode>
                  <t>1.175299</t>
                  <value>-0.207190</value>
               </ControlLinearNode>
               <ControlLinearNode>
                  <t>1.182300</t>
                  <value>-0.256217</value>
               </ControlLinearNode>
            </min_nodes>
            <max_nodes>
               <ControlLinearNode>
                  <t>0.150000</t>
                  <value>1.532274</value>
               </ControlLinearNode>
               <ControlLinearNode>
                  <t>0.166000</t>
                  <value>1.616163</value>
               </ControlLinearNode>
               <ControlLinearNode>
                  <t>0.182000</t>
                  <value>1.681711</value>
               </ControlLinearNode>
               <ControlLinearNode>
                  <t>0.198000</t>
                  <value>1.834485</value>
               </ControlLinearNode>
               <ControlLinearNode>
                  <t>0.214000</t>
                  <value>2.167779</value>
               </ControlLinearNode>
               <ControlLinearNode>
                  <t>0.230000</t>
                  <value>2.718749</value>
               </ControlLinearNode>
               <ControlLinearNode>
                  <t>0.246000</t>
                  <value>3.432604</value>
               </ControlLinearNode>
               <ControlLinearNode>
                  <t>0.262000</t>
                  <value>4.291106</value>
               </ControlLinearNode>
               <ControlLinearNode>
                  <t>0.278000</t>
                  <value>5.321910</value>
               </ControlLinearNode>
               <ControlLinearNode>
                  <t>0.294000</t>
                  <value>6.555359</value>
               </ControlLinearNode>
               <ControlLinearNode>
                  <t>0.310000</t>
                  <value>8.028800</value>
               </ControlLinearNode>
               <ControlLinearNode>
                  <t>0.326000</t>
                  <value>9.744273</value>
               </ControlLinearNode>
               <ControlLinearNode>
                  <t>0.342000</t>
                  <value>11.668956</value>
               </ControlLinearNode>
               <ControlLinearNode>
                  <t>0.358000</t>
                  <value>13.730715</value>
               </ControlLinearNode>
               <ControlLinearNode>
                  <t>0.374000</t>
                  <value>15.916359</value>
               </ControlLinearNode>
               <ControlLinearNode>
                  <t>0.390000</t>
                  <value>18.262458</value>
               </ControlLinearNode>
               <ControlLinearNode>
                  <t>0.406000</t>
                  <value>20.755212</value>
               </ControlLinearNode>
               <ControlLinearNode>
                  <t>0.422000</t>
                  <value>23.281615</value>
               </ControlLinearNode>
               <ControlLinearNode>
                  <t>0.438000</t>
                  <value>25.702264</value>
               </ControlLinearNode>
               <ControlLinearNode>
                  <t>0.454000</t>
                  <value>27.916569</value>
               </ControlLinearNode>
               <ControlLinearNode>
                  <t>0.470000</t>
                  <value>29.886951</value>
               </ControlLinearNode>
               <ControlLinearNode>
                  <t>0.486000</t>
                  <value>31.589311</value>
               </ControlLinearNode>
               <ControlLinearNode>
                  <t>0.502000</t>
                  <value>32.989476</value>
               </ControlLinearNode>
               <ControlLinearNode>
                  <t>0.518000</t>
                  <value>34.073641</value>
               </ControlLinearNode>
               <ControlLinearNode>
                  <t>0.534000</t>
                  <value>34.834813</value>
               </ControlLinearNode>
               <ControlLinearNode>
                  <t>0.550000</t>
                  <value>35.205394</value>
               </ControlLinearNode>
               <ControlLinearNode>
                  <t>0.566000</t>
                  <value>35.092568</value>
               </ControlLinearNode>
               <ControlLinearNode>
                  <t>0.582000</t>
                  <value>34.401713</value>
               </ControlLinearNode>
               <ControlLinearNode>
                  <t>0.598000</t>
                  <value>32.956125</value>
               </ControlLinearNode>
               <ControlLinearNode>
                  <t>0.614000</t>
                  <value>30.458300</value>
               </ControlLinearNode>
               <ControlLinearNode>
                  <t>0.630000</t>
                  <value>26.596661</value>
               </ControlLinearNode>
               <ControlLinearNode>
                  <t>0.643443</t>
                  <value>22.216589</value>
               </ControlLinearNode>
               <ControlLinearNode>
                  <t>0.643443</t>
                  <value>22.216589</value>
               </ControlLinearNode>
               <ControlLinearNode>
                  <t>0.659443</t>
                  <value>15.754917</value>
               </ControlLinearNode>
               <ControlLinearNode>
                  <t>0.675443</t>
                  <value>8.779622</value>
               </ControlLinearNode>
               <ControlLinearNode>
                  <t>0.691443</t>
                  <value>3.252468</value>
               </ControlLinearNode>
               <ControlLinearNode>
                  <t>0.702633</t>
                  <value>1.000000</value>
               </ControlLinearNode>
               <ControlLinearNode>
                  <t>0.702633</t>
                  <value>1.000000</value>
               </ControlLinearNode>
               <ControlLinearNode>
                  <t>0.711299</t>
                  <value>0.000000</value>
               </ControlLinearNode>
               <ControlLinearNode>
                  <t>0.711299</t>
                  <value>-0.000000</value>
               </ControlLinearNode>
               <ControlLinearNode>
                  <t>0.727299</t>
                  <value>-0.848979</value>
               </ControlLinearNode>
               <ControlLinearNode>
                  <t>0.743299</t>
                  <value>-0.951421</value>
               </ControlLinearNode>
               <ControlLinearNode>
                  <t>0.759299</t>
                  <value>-0.851157</value>
               </ControlLinearNode>
               <ControlLinearNode>
                  <t>0.775299</t>
                  <value>-0.689403</value>
               </ControlLinearNode>
               <ControlLinearNode>
                  <t>0.791299</t>
                  <value>-0.502138</value>
               </ControlLinearNode>
               <ControlLinearNode>
                  <t>0.807299</t>
                  <value>-0.330104</value>
               </ControlLinearNode>
               <ControlLinearNode>
                  <t>0.823299</t>
                  <value>-0.207132</value>
               </ControlLinearNode>
               <ControlLinearNode>
                  <t>0.839299</t>
                  <value>-0.148988</value>
               </ControlLinearNode>
               <ControlLinearNode>
                  <t>0.855299</t>
                  <value>-0.151597</value>
               </ControlLinearNode>
               <ControlLinearNode>
                  <t>0.871299</t>
                  <value>-0.195575</value>
               </ControlLinearNode>
               <ControlLinearNode>
                  <t>0.887299</t>
                  <value>-0.254581</value>
               </ControlLinearNode>
               <ControlLinearNode>
                  <t>0.903299</t>
                  <value>-0.305028</value>
               </ControlLinearNode>
               <ControlLinearNode>
                  <t>0.919299</t>
                  <value>-0.334029</value>
               </ControlLinearNode>
               <ControlLinearNode>
                  <t>0.935299</t>
                  <value>-0.339058</value>
               </ControlLinearNode>
               <ControlLinearNode>
                  <t>0.951299</t>
                  <value>-0.326486</value>
               </ControlLinearNode>
               <ControlLinearNode>
                  <t>0.967299</t>
                  <value>-0.307959</value>
               </ControlLinearNode>
               <ControlLinearNode>
                  <t>0.983299</t>
                  <value>-0.294977</value>
               </ControlLinearNode>
               <ControlLinearNode>
                  <t>0.999299</t>
                  <value>-0.292956</value>
               </ControlLinearNode>
               <ControlLinearNode>
                  <t>1.015299</t>
                  <value>-0.299873</value>
               </ControlLinearNode>
               <ControlLinearNode>
                  <t>1.031299</t>
                  <value>-0.306232</value>
               </ControlLinearNode>
               <ControlLinearNode>
                  <t>1.047299</t>
                  <value>-0.297915</value>
               </ControlLinearNode>
               <ControlLinearNode>
                  <t>1.063299</t>
                  <value>-0.263813</value>
               </ControlLinearNode>
               <ControlLinearNode>
                  <t>1.079299</t>
                  <value>-0.204434</value>
               </ControlLinearNode>
               <ControlLinearNode>
                  <t>1.095299</t>
                  <value>-0.127477</value>
               </ControlLinearNode>
               <ControlLinearNode>
                  <t>1.111299</t>
                  <value>-0.057393</value>
               </ControlLinearNode>
               <ControlLinearNode>
                  <t>1.127299</t>
                  <value>-0.021635</value>
               </ControlLinearNode>
               <ControlLinearNode>
                  <t>1.143299</t>
                  <value>-0.037989</value>
               </ControlLinearNode>
               <ControlLinearNode>
                  <t>1.159299</t>
                  <value>-0.105694</value>
               </ControlLinearNode>
               <ControlLinearNode>
                  <t>1.175299</t>
                  <value>-0.207190</value>
               </ControlLinearNode>
               <ControlLinearNode>
                  <t>1.182300</t>
                  <value>-0.256217</value>
               </ControlLinearNode>
            </max_nodes>
            <kp>100</kp>
            <kv>100</kv>
         </ControlLinear>
      </objects>
   </ControlSet>
</OpenSimDocument>